"Title","Description","BiocVersion","Genome","SourceType","SourceUrl","SourceVersion","Species","TaxonomyId","Coordinate_1_based","DataProvider","Maintainer","RDataClass","DispatchClass","RDataPath","Tags"
"LRBaseDb for Anolis carolinensis (Anole lizard, v007)","Correspondence table between Ligand Gene ID and Receptor ID for Anolis carolinensis (Anole lizard)","3.19",NA,"CSV","https://github.com/rikenbit/lrbase-workflow","24-Feb-2024","Anolis carolinensis",28377,NA,"FANTOM5,DLRP,IUPHAR,HPRD,STRING,SWISSPROT,TREMBL,ENSEMBL,CELLPHONEDB,BADERLAB,SINGLECELLSIGNALR,HOMOLOGENE","Koki Tsuyuzaki <k.t.the-answer@hotmail.co.jp>","SQLiteFile","FilePath","AHLRBaseDbs/v007/LRBase.Aca.eg.db.sqlite","LRBaseDb:LRBase:NCBI:Gene:NCBI Gene:FANTOM5:DLRP:IUPHAR:HPRD:STRING:UNIPROTKB:SWISSPROT:TREMBL:ENSEMBL:CELLPHONEDB:BADERLAB:SINGLECELLSIGNALR:BIOMART:HOMOLOGENE:Annotation:LRBase.Aca.eg.db:Anolis carolinensis:Anole lizard:v007"
"LRBaseDb for Aquila chrysaetos chrysaetos (Golden eagle, v007)","Correspondence table between Ligand Gene ID and Receptor ID for Aquila chrysaetos chrysaetos (Golden eagle)","3.19",NA,"CSV","https://github.com/rikenbit/lrbase-workflow","24-Feb-2024","Aquila chrysaetos chrysaetos",223781,NA,"FANTOM5,DLRP,IUPHAR,HPRD,STRING,SWISSPROT,TREMBL,ENSEMBL,CELLPHONEDB,BADERLAB,SINGLECELLSIGNALR,HOMOLOGENE","Koki Tsuyuzaki <k.t.the-answer@hotmail.co.jp>","SQLiteFile","FilePath","AHLRBaseDbs/v007/LRBase.Acc.eg.db.sqlite","LRBaseDb:LRBase:NCBI:Gene:NCBI Gene:FANTOM5:DLRP:IUPHAR:HPRD:STRING:UNIPROTKB:SWISSPROT:TREMBL:ENSEMBL:CELLPHONEDB:BADERLAB:SINGLECELLSIGNALR:BIOMART:HOMOLOGENE:Annotation:LRBase.Acc.eg.db:Aquila chrysaetos chrysaetos:Golden eagle:v007"
"LRBaseDb for Astatotilapia calliptera (Eastern happy, v007)","Correspondence table between Ligand Gene ID and Receptor ID for Astatotilapia calliptera (Eastern happy)","3.19",NA,"CSV","https://github.com/rikenbit/lrbase-workflow","24-Feb-2024","Astatotilapia calliptera",8154,NA,"FANTOM5,DLRP,IUPHAR,HPRD,STRING,SWISSPROT,TREMBL,ENSEMBL,CELLPHONEDB,BADERLAB,SINGLECELLSIGNALR,HOMOLOGENE","Koki Tsuyuzaki <k.t.the-answer@hotmail.co.jp>","SQLiteFile","FilePath","AHLRBaseDbs/v007/LRBase.Acl.eg.db.sqlite","LRBaseDb:LRBase:NCBI:Gene:NCBI Gene:FANTOM5:DLRP:IUPHAR:HPRD:STRING:UNIPROTKB:SWISSPROT:TREMBL:ENSEMBL:CELLPHONEDB:BADERLAB:SINGLECELLSIGNALR:BIOMART:HOMOLOGENE:Annotation:LRBase.Acl.eg.db:Astatotilapia calliptera:Eastern happy:v007"
"LRBaseDb for Ailuropoda melanoleuca (Panda, v007)","Correspondence table between Ligand Gene ID and Receptor ID for Ailuropoda melanoleuca (Panda)","3.19",NA,"CSV","https://github.com/rikenbit/lrbase-workflow","24-Feb-2024","Ailuropoda melanoleuca",9646,NA,"FANTOM5,DLRP,IUPHAR,HPRD,STRING,SWISSPROT,TREMBL,ENSEMBL,CELLPHONEDB,BADERLAB,SINGLECELLSIGNALR,HOMOLOGENE","Koki Tsuyuzaki <k.t.the-answer@hotmail.co.jp>","SQLiteFile","FilePath","AHLRBaseDbs/v007/LRBase.Ame.eg.db.sqlite","LRBaseDb:LRBase:NCBI:Gene:NCBI Gene:FANTOM5:DLRP:IUPHAR:HPRD:STRING:UNIPROTKB:SWISSPROT:TREMBL:ENSEMBL:CELLPHONEDB:BADERLAB:SINGLECELLSIGNALR:BIOMART:HOMOLOGENE:Annotation:LRBase.Ame.eg.db:Ailuropoda melanoleuca:Panda:v007"
"LRBaseDb for Apis mellifera (Honey bee, v007)","Correspondence table between Ligand Gene ID and Receptor ID for Apis mellifera (Honey bee)","3.19",NA,"CSV","https://github.com/rikenbit/lrbase-workflow","24-Feb-2024","Apis mellifera",7460,NA,"FANTOM5,DLRP,IUPHAR,HPRD,STRING,SWISSPROT,TREMBL,ENSEMBL,CELLPHONEDB,BADERLAB,SINGLECELLSIGNALR,HOMOLOGENE","Koki Tsuyuzaki <k.t.the-answer@hotmail.co.jp>","SQLiteFile","FilePath","AHLRBaseDbs/v007/LRBase.Aml.eg.db.sqlite","LRBaseDb:LRBase:NCBI:Gene:NCBI Gene:FANTOM5:DLRP:IUPHAR:HPRD:STRING:UNIPROTKB:SWISSPROT:TREMBL:ENSEMBL:CELLPHONEDB:BADERLAB:SINGLECELLSIGNALR:BIOMART:HOMOLOGENE:Annotation:LRBase.Aml.eg.db:Apis mellifera:Honey bee:v007"
"LRBaseDb for Astyanax mexicanus (Mexican tetra, v007)","Correspondence table between Ligand Gene ID and Receptor ID for Astyanax mexicanus (Mexican tetra)","3.19",NA,"CSV","https://github.com/rikenbit/lrbase-workflow","24-Feb-2024","Astyanax mexicanus",7994,NA,"FANTOM5,DLRP,IUPHAR,HPRD,STRING,SWISSPROT,TREMBL,ENSEMBL,CELLPHONEDB,BADERLAB,SINGLECELLSIGNALR,HOMOLOGENE","Koki Tsuyuzaki <k.t.the-answer@hotmail.co.jp>","SQLiteFile","FilePath","AHLRBaseDbs/v007/LRBase.Amx.eg.db.sqlite","LRBaseDb:LRBase:NCBI:Gene:NCBI Gene:FANTOM5:DLRP:IUPHAR:HPRD:STRING:UNIPROTKB:SWISSPROT:TREMBL:ENSEMBL:CELLPHONEDB:BADERLAB:SINGLECELLSIGNALR:BIOMART:HOMOLOGENE:Annotation:LRBase.Amx.eg.db:Astyanax mexicanus:Mexican tetra:v007"
"LRBaseDb for Aotus nancymaae (Ma's night monkey, v007)","Correspondence table between Ligand Gene ID and Receptor ID for Aotus nancymaae (Ma's night monkey)","3.19",NA,"CSV","https://github.com/rikenbit/lrbase-workflow","24-Feb-2024","Aotus nancymaae",37293,NA,"FANTOM5,DLRP,IUPHAR,HPRD,STRING,SWISSPROT,TREMBL,ENSEMBL,CELLPHONEDB,BADERLAB,SINGLECELLSIGNALR,HOMOLOGENE","Koki Tsuyuzaki <k.t.the-answer@hotmail.co.jp>","SQLiteFile","FilePath","AHLRBaseDbs/v007/LRBase.Ann.eg.db.sqlite","LRBaseDb:LRBase:NCBI:Gene:NCBI Gene:FANTOM5:DLRP:IUPHAR:HPRD:STRING:UNIPROTKB:SWISSPROT:TREMBL:ENSEMBL:CELLPHONEDB:BADERLAB:SINGLECELLSIGNALR:BIOMART:HOMOLOGENE:Annotation:LRBase.Ann.eg.db:Aotus nancymaae:Ma's night monkey:v007"
"LRBaseDb for Anabas testudineus (Climbing perch, v007)","Correspondence table between Ligand Gene ID and Receptor ID for Anabas testudineus (Climbing perch)","3.19",NA,"CSV","https://github.com/rikenbit/lrbase-workflow","24-Feb-2024","Anabas testudineus",64144,NA,"FANTOM5,DLRP,IUPHAR,HPRD,STRING,SWISSPROT,TREMBL,ENSEMBL,CELLPHONEDB,BADERLAB,SINGLECELLSIGNALR,HOMOLOGENE","Koki Tsuyuzaki <k.t.the-answer@hotmail.co.jp>","SQLiteFile","FilePath","AHLRBaseDbs/v007/LRBase.Ate.eg.db.sqlite","LRBaseDb:LRBase:NCBI:Gene:NCBI Gene:FANTOM5:DLRP:IUPHAR:HPRD:STRING:UNIPROTKB:SWISSPROT:TREMBL:ENSEMBL:CELLPHONEDB:BADERLAB:SINGLECELLSIGNALR:BIOMART:HOMOLOGENE:Annotation:LRBase.Ate.eg.db:Anabas testudineus:Climbing perch:v007"
"LRBaseDb for Arabidopsis thaliana (Thale cress, v007)","Correspondence table between Ligand Gene ID and Receptor ID for Arabidopsis thaliana (Thale cress)","3.19",NA,"CSV","https://github.com/rikenbit/lrbase-workflow","24-Feb-2024","Arabidopsis thaliana",3702,NA,"FANTOM5,DLRP,IUPHAR,HPRD,STRING,SWISSPROT,TREMBL,ENSEMBL,CELLPHONEDB,BADERLAB,SINGLECELLSIGNALR,HOMOLOGENE","Koki Tsuyuzaki <k.t.the-answer@hotmail.co.jp>","SQLiteFile","FilePath","AHLRBaseDbs/v007/LRBase.Ath.eg.db.sqlite","LRBaseDb:LRBase:NCBI:Gene:NCBI Gene:FANTOM5:DLRP:IUPHAR:HPRD:STRING:UNIPROTKB:SWISSPROT:TREMBL:ENSEMBL:CELLPHONEDB:BADERLAB:SINGLECELLSIGNALR:BIOMART:HOMOLOGENE:Annotation:LRBase.Ath.eg.db:Arabidopsis thaliana:Thale cress:v007"
"LRBaseDb for Bison bison bison (American bison, v007)","Correspondence table between Ligand Gene ID and Receptor ID for Bison bison bison (American bison)","3.19",NA,"CSV","https://github.com/rikenbit/lrbase-workflow","24-Feb-2024","Bison bison bison",43346,NA,"FANTOM5,DLRP,IUPHAR,HPRD,STRING,SWISSPROT,TREMBL,ENSEMBL,CELLPHONEDB,BADERLAB,SINGLECELLSIGNALR,HOMOLOGENE","Koki Tsuyuzaki <k.t.the-answer@hotmail.co.jp>","SQLiteFile","FilePath","AHLRBaseDbs/v007/LRBase.Bbb.eg.db.sqlite","LRBaseDb:LRBase:NCBI:Gene:NCBI Gene:FANTOM5:DLRP:IUPHAR:HPRD:STRING:UNIPROTKB:SWISSPROT:TREMBL:ENSEMBL:CELLPHONEDB:BADERLAB:SINGLECELLSIGNALR:BIOMART:HOMOLOGENE:Annotation:LRBase.Bbb.eg.db:Bison bison bison:American bison:v007"
"LRBaseDb for Branchiostoma floridae (Lancelet, v007)","Correspondence table between Ligand Gene ID and Receptor ID for Branchiostoma floridae (Lancelet)","3.19",NA,"CSV","https://github.com/rikenbit/lrbase-workflow","24-Feb-2024","Branchiostoma floridae",7739,NA,"FANTOM5,DLRP,IUPHAR,HPRD,STRING,SWISSPROT,TREMBL,ENSEMBL,CELLPHONEDB,BADERLAB,SINGLECELLSIGNALR,HOMOLOGENE","Koki Tsuyuzaki <k.t.the-answer@hotmail.co.jp>","SQLiteFile","FilePath","AHLRBaseDbs/v007/LRBase.Bfl.eg.db.sqlite","LRBaseDb:LRBase:NCBI:Gene:NCBI Gene:FANTOM5:DLRP:IUPHAR:HPRD:STRING:UNIPROTKB:SWISSPROT:TREMBL:ENSEMBL:CELLPHONEDB:BADERLAB:SINGLECELLSIGNALR:BIOMART:HOMOLOGENE:Annotation:LRBase.Bfl.eg.db:Branchiostoma floridae:Lancelet:v007"
"LRBaseDb for Bos indicus x Bos taurus (Hybrid - Bos Indicus, v007)","Correspondence table between Ligand Gene ID and Receptor ID for Bos indicus x Bos taurus (Hybrid - Bos Indicus)","3.19",NA,"CSV","https://github.com/rikenbit/lrbase-workflow","24-Feb-2024","Bos indicus x Bos taurus",30522,NA,"FANTOM5,DLRP,IUPHAR,HPRD,STRING,SWISSPROT,TREMBL,ENSEMBL,CELLPHONEDB,BADERLAB,SINGLECELLSIGNALR,HOMOLOGENE","Koki Tsuyuzaki <k.t.the-answer@hotmail.co.jp>","SQLiteFile","FilePath","AHLRBaseDbs/v007/LRBase.Bit.eg.db.sqlite","LRBaseDb:LRBase:NCBI:Gene:NCBI Gene:FANTOM5:DLRP:IUPHAR:HPRD:STRING:UNIPROTKB:SWISSPROT:TREMBL:ENSEMBL:CELLPHONEDB:BADERLAB:SINGLECELLSIGNALR:BIOMART:HOMOLOGENE:Annotation:LRBase.Bit.eg.db:Bos indicus x Bos taurus:Hybrid - Bos Indicus:v007"
"LRBaseDb for Bos mutus (Wild yak, v007)","Correspondence table between Ligand Gene ID and Receptor ID for Bos mutus (Wild yak)","3.19",NA,"CSV","https://github.com/rikenbit/lrbase-workflow","24-Feb-2024","Bos mutus",72004,NA,"FANTOM5,DLRP,IUPHAR,HPRD,STRING,SWISSPROT,TREMBL,ENSEMBL,CELLPHONEDB,BADERLAB,SINGLECELLSIGNALR,HOMOLOGENE","Koki Tsuyuzaki <k.t.the-answer@hotmail.co.jp>","SQLiteFile","FilePath","AHLRBaseDbs/v007/LRBase.Bmu.eg.db.sqlite","LRBaseDb:LRBase:NCBI:Gene:NCBI Gene:FANTOM5:DLRP:IUPHAR:HPRD:STRING:UNIPROTKB:SWISSPROT:TREMBL:ENSEMBL:CELLPHONEDB:BADERLAB:SINGLECELLSIGNALR:BIOMART:HOMOLOGENE:Annotation:LRBase.Bmu.eg.db:Bos mutus:Wild yak:v007"
"LRBaseDb for Bos taurus (Cow, v007)","Correspondence table between Ligand Gene ID and Receptor ID for Bos taurus (Cow)","3.19",NA,"CSV","https://github.com/rikenbit/lrbase-workflow","24-Feb-2024","Bos taurus",9913,NA,"FANTOM5,DLRP,IUPHAR,HPRD,STRING,SWISSPROT,TREMBL,ENSEMBL,CELLPHONEDB,BADERLAB,SINGLECELLSIGNALR,HOMOLOGENE","Koki Tsuyuzaki <k.t.the-answer@hotmail.co.jp>","SQLiteFile","FilePath","AHLRBaseDbs/v007/LRBase.Bta.eg.db.sqlite","LRBaseDb:LRBase:NCBI:Gene:NCBI Gene:FANTOM5:DLRP:IUPHAR:HPRD:STRING:UNIPROTKB:SWISSPROT:TREMBL:ENSEMBL:CELLPHONEDB:BADERLAB:SINGLECELLSIGNALR:BIOMART:HOMOLOGENE:Annotation:LRBase.Bta.eg.db:Bos taurus:Cow:v007"
"LRBaseDb for Camelus dromedarius (Arabian camel, v007)","Correspondence table between Ligand Gene ID and Receptor ID for Camelus dromedarius (Arabian camel)","3.19",NA,"CSV","https://github.com/rikenbit/lrbase-workflow","24-Feb-2024","Camelus dromedarius",9838,NA,"FANTOM5,DLRP,IUPHAR,HPRD,STRING,SWISSPROT,TREMBL,ENSEMBL,CELLPHONEDB,BADERLAB,SINGLECELLSIGNALR,HOMOLOGENE","Koki Tsuyuzaki <k.t.the-answer@hotmail.co.jp>","SQLiteFile","FilePath","AHLRBaseDbs/v007/LRBase.Cdr.eg.db.sqlite","LRBaseDb:LRBase:NCBI:Gene:NCBI Gene:FANTOM5:DLRP:IUPHAR:HPRD:STRING:UNIPROTKB:SWISSPROT:TREMBL:ENSEMBL:CELLPHONEDB:BADERLAB:SINGLECELLSIGNALR:BIOMART:HOMOLOGENE:Annotation:LRBase.Cdr.eg.db:Camelus dromedarius:Arabian camel:v007"
"LRBaseDb for Caenorhabditis elegans (Worm, v007)","Correspondence table between Ligand Gene ID and Receptor ID for Caenorhabditis elegans (Worm)","3.19",NA,"CSV","https://github.com/rikenbit/lrbase-workflow","24-Feb-2024","Caenorhabditis elegans",6239,NA,"FANTOM5,DLRP,IUPHAR,HPRD,STRING,SWISSPROT,TREMBL,ENSEMBL,CELLPHONEDB,BADERLAB,SINGLECELLSIGNALR,HOMOLOGENE","Koki Tsuyuzaki <k.t.the-answer@hotmail.co.jp>","SQLiteFile","FilePath","AHLRBaseDbs/v007/LRBase.Cel.eg.db.sqlite","LRBaseDb:LRBase:NCBI:Gene:NCBI Gene:FANTOM5:DLRP:IUPHAR:HPRD:STRING:UNIPROTKB:SWISSPROT:TREMBL:ENSEMBL:CELLPHONEDB:BADERLAB:SINGLECELLSIGNALR:BIOMART:HOMOLOGENE:Annotation:LRBase.Cel.eg.db:Caenorhabditis elegans:Worm:v007"
"LRBaseDb for Canis familiaris (Dog, v007)","Correspondence table between Ligand Gene ID and Receptor ID for Canis familiaris (Dog)","3.19",NA,"CSV","https://github.com/rikenbit/lrbase-workflow","24-Feb-2024","Canis familiaris",9615,NA,"FANTOM5,DLRP,IUPHAR,HPRD,STRING,SWISSPROT,TREMBL,ENSEMBL,CELLPHONEDB,BADERLAB,SINGLECELLSIGNALR,HOMOLOGENE","Koki Tsuyuzaki <k.t.the-answer@hotmail.co.jp>","SQLiteFile","FilePath","AHLRBaseDbs/v007/LRBase.Cfa.eg.db.sqlite","LRBaseDb:LRBase:NCBI:Gene:NCBI Gene:FANTOM5:DLRP:IUPHAR:HPRD:STRING:UNIPROTKB:SWISSPROT:TREMBL:ENSEMBL:CELLPHONEDB:BADERLAB:SINGLECELLSIGNALR:BIOMART:HOMOLOGENE:Annotation:LRBase.Cfa.eg.db:Canis familiaris:Dog:v007"
"LRBaseDb for Cottoperca gobio (Channel bull blenny, v007)","Correspondence table between Ligand Gene ID and Receptor ID for Cottoperca gobio (Channel bull blenny)","3.19",NA,"CSV","https://github.com/rikenbit/lrbase-workflow","24-Feb-2024","Cottoperca gobio",56716,NA,"FANTOM5,DLRP,IUPHAR,HPRD,STRING,SWISSPROT,TREMBL,ENSEMBL,CELLPHONEDB,BADERLAB,SINGLECELLSIGNALR,HOMOLOGENE","Koki Tsuyuzaki <k.t.the-answer@hotmail.co.jp>","SQLiteFile","FilePath","AHLRBaseDbs/v007/LRBase.Cgo.eg.db.sqlite","LRBaseDb:LRBase:NCBI:Gene:NCBI Gene:FANTOM5:DLRP:IUPHAR:HPRD:STRING:UNIPROTKB:SWISSPROT:TREMBL:ENSEMBL:CELLPHONEDB:BADERLAB:SINGLECELLSIGNALR:BIOMART:HOMOLOGENE:Annotation:LRBase.Cgo.eg.db:Cottoperca gobio:Channel bull blenny:v007"
"LRBaseDb for Cricetulus griseus (Chinese hamster CHOK1GS, v007)","Correspondence table between Ligand Gene ID and Receptor ID for Cricetulus griseus (Chinese hamster CHOK1GS)","3.19",NA,"CSV","https://github.com/rikenbit/lrbase-workflow","24-Feb-2024","Cricetulus griseus",10029,NA,"FANTOM5,DLRP,IUPHAR,HPRD,STRING,SWISSPROT,TREMBL,ENSEMBL,CELLPHONEDB,BADERLAB,SINGLECELLSIGNALR,HOMOLOGENE","Koki Tsuyuzaki <k.t.the-answer@hotmail.co.jp>","SQLiteFile","FilePath","AHLRBaseDbs/v007/LRBase.Cgr.eg.db.sqlite","LRBaseDb:LRBase:NCBI:Gene:NCBI Gene:FANTOM5:DLRP:IUPHAR:HPRD:STRING:UNIPROTKB:SWISSPROT:TREMBL:ENSEMBL:CELLPHONEDB:BADERLAB:SINGLECELLSIGNALR:BIOMART:HOMOLOGENE:Annotation:LRBase.Cgr.eg.db:Cricetulus griseus:Chinese hamster CHOK1GS:v007"
"LRBaseDb for Clupea harengus (Atlantic herring, v007)","Correspondence table between Ligand Gene ID and Receptor ID for Clupea harengus (Atlantic herring)","3.19",NA,"CSV","https://github.com/rikenbit/lrbase-workflow","24-Feb-2024","Clupea harengus",7950,NA,"FANTOM5,DLRP,IUPHAR,HPRD,STRING,SWISSPROT,TREMBL,ENSEMBL,CELLPHONEDB,BADERLAB,SINGLECELLSIGNALR,HOMOLOGENE","Koki Tsuyuzaki <k.t.the-answer@hotmail.co.jp>","SQLiteFile","FilePath","AHLRBaseDbs/v007/LRBase.Cha.eg.db.sqlite","LRBaseDb:LRBase:NCBI:Gene:NCBI Gene:FANTOM5:DLRP:IUPHAR:HPRD:STRING:UNIPROTKB:SWISSPROT:TREMBL:ENSEMBL:CELLPHONEDB:BADERLAB:SINGLECELLSIGNALR:BIOMART:HOMOLOGENE:Annotation:LRBase.Cha.eg.db:Clupea harengus:Atlantic herring:v007"
"LRBaseDb for Capra hircus (Goat, v007)","Correspondence table between Ligand Gene ID and Receptor ID for Capra hircus (Goat)","3.19",NA,"CSV","https://github.com/rikenbit/lrbase-workflow","24-Feb-2024","Capra hircus",9925,NA,"FANTOM5,DLRP,IUPHAR,HPRD,STRING,SWISSPROT,TREMBL,ENSEMBL,CELLPHONEDB,BADERLAB,SINGLECELLSIGNALR,HOMOLOGENE","Koki Tsuyuzaki <k.t.the-answer@hotmail.co.jp>","SQLiteFile","FilePath","AHLRBaseDbs/v007/LRBase.Chi.eg.db.sqlite","LRBaseDb:LRBase:NCBI:Gene:NCBI Gene:FANTOM5:DLRP:IUPHAR:HPRD:STRING:UNIPROTKB:SWISSPROT:TREMBL:ENSEMBL:CELLPHONEDB:BADERLAB:SINGLECELLSIGNALR:BIOMART:HOMOLOGENE:Annotation:LRBase.Chi.eg.db:Capra hircus:Goat:v007"
"LRBaseDb for Ciona intestinalis (Sea squirt, v007)","Correspondence table between Ligand Gene ID and Receptor ID for Ciona intestinalis (Sea squirt)","3.19",NA,"CSV","https://github.com/rikenbit/lrbase-workflow","24-Feb-2024","Ciona intestinalis",7719,NA,"FANTOM5,DLRP,IUPHAR,HPRD,STRING,SWISSPROT,TREMBL,ENSEMBL,CELLPHONEDB,BADERLAB,SINGLECELLSIGNALR,HOMOLOGENE","Koki Tsuyuzaki <k.t.the-answer@hotmail.co.jp>","SQLiteFile","FilePath","AHLRBaseDbs/v007/LRBase.Cin.eg.db.sqlite","LRBaseDb:LRBase:NCBI:Gene:NCBI Gene:FANTOM5:DLRP:IUPHAR:HPRD:STRING:UNIPROTKB:SWISSPROT:TREMBL:ENSEMBL:CELLPHONEDB:BADERLAB:SINGLECELLSIGNALR:BIOMART:HOMOLOGENE:Annotation:LRBase.Cin.eg.db:Ciona intestinalis:Sea squirt:v007"
"LRBaseDb for Callithrix jacchus (Marmoset, v007)","Correspondence table between Ligand Gene ID and Receptor ID for Callithrix jacchus (Marmoset)","3.19",NA,"CSV","https://github.com/rikenbit/lrbase-workflow","24-Feb-2024","Callithrix jacchus",9483,NA,"FANTOM5,DLRP,IUPHAR,HPRD,STRING,SWISSPROT,TREMBL,ENSEMBL,CELLPHONEDB,BADERLAB,SINGLECELLSIGNALR,HOMOLOGENE","Koki Tsuyuzaki <k.t.the-answer@hotmail.co.jp>","SQLiteFile","FilePath","AHLRBaseDbs/v007/LRBase.Cja.eg.db.sqlite","LRBaseDb:LRBase:NCBI:Gene:NCBI Gene:FANTOM5:DLRP:IUPHAR:HPRD:STRING:UNIPROTKB:SWISSPROT:TREMBL:ENSEMBL:CELLPHONEDB:BADERLAB:SINGLECELLSIGNALR:BIOMART:HOMOLOGENE:Annotation:LRBase.Cja.eg.db:Callithrix jacchus:Marmoset:v007"
"LRBaseDb for Coturnix japonica (Japanese quail, v007)","Correspondence table between Ligand Gene ID and Receptor ID for Coturnix japonica (Japanese quail)","3.19",NA,"CSV","https://github.com/rikenbit/lrbase-workflow","24-Feb-2024","Coturnix japonica",93934,NA,"FANTOM5,DLRP,IUPHAR,HPRD,STRING,SWISSPROT,TREMBL,ENSEMBL,CELLPHONEDB,BADERLAB,SINGLECELLSIGNALR,HOMOLOGENE","Koki Tsuyuzaki <k.t.the-answer@hotmail.co.jp>","SQLiteFile","FilePath","AHLRBaseDbs/v007/LRBase.Cjp.eg.db.sqlite","LRBaseDb:LRBase:NCBI:Gene:NCBI Gene:FANTOM5:DLRP:IUPHAR:HPRD:STRING:UNIPROTKB:SWISSPROT:TREMBL:ENSEMBL:CELLPHONEDB:BADERLAB:SINGLECELLSIGNALR:BIOMART:HOMOLOGENE:Annotation:LRBase.Cjp.eg.db:Coturnix japonica:Japanese quail:v007"
"LRBaseDb for Chinchilla lanigera (Long-tailed chinchilla, v007)","Correspondence table between Ligand Gene ID and Receptor ID for Chinchilla lanigera (Long-tailed chinchilla)","3.19",NA,"CSV","https://github.com/rikenbit/lrbase-workflow","24-Feb-2024","Chinchilla lanigera",34839,NA,"FANTOM5,DLRP,IUPHAR,HPRD,STRING,SWISSPROT,TREMBL,ENSEMBL,CELLPHONEDB,BADERLAB,SINGLECELLSIGNALR,HOMOLOGENE","Koki Tsuyuzaki <k.t.the-answer@hotmail.co.jp>","SQLiteFile","FilePath","AHLRBaseDbs/v007/LRBase.Cla.eg.db.sqlite","LRBaseDb:LRBase:NCBI:Gene:NCBI Gene:FANTOM5:DLRP:IUPHAR:HPRD:STRING:UNIPROTKB:SWISSPROT:TREMBL:ENSEMBL:CELLPHONEDB:BADERLAB:SINGLECELLSIGNALR:BIOMART:HOMOLOGENE:Annotation:LRBase.Cla.eg.db:Chinchilla lanigera:Long-tailed chinchilla:v007"
"LRBaseDb for Canis lupus dingo (Dingo, v007)","Correspondence table between Ligand Gene ID and Receptor ID for Canis lupus dingo (Dingo)","3.19",NA,"CSV","https://github.com/rikenbit/lrbase-workflow","24-Feb-2024","Canis lupus dingo",286419,NA,"FANTOM5,DLRP,IUPHAR,HPRD,STRING,SWISSPROT,TREMBL,ENSEMBL,CELLPHONEDB,BADERLAB,SINGLECELLSIGNALR,HOMOLOGENE","Koki Tsuyuzaki <k.t.the-answer@hotmail.co.jp>","SQLiteFile","FilePath","AHLRBaseDbs/v007/LRBase.Cld.eg.db.sqlite","LRBaseDb:LRBase:NCBI:Gene:NCBI Gene:FANTOM5:DLRP:IUPHAR:HPRD:STRING:UNIPROTKB:SWISSPROT:TREMBL:ENSEMBL:CELLPHONEDB:BADERLAB:SINGLECELLSIGNALR:BIOMART:HOMOLOGENE:Annotation:LRBase.Cld.eg.db:Canis lupus dingo:Dingo:v007"
"LRBaseDb for Cavia porcellus (Guinea pig, v007)","Correspondence table between Ligand Gene ID and Receptor ID for Cavia porcellus (Guinea pig)","3.19",NA,"CSV","https://github.com/rikenbit/lrbase-workflow","24-Feb-2024","Cavia porcellus",10141,NA,"FANTOM5,DLRP,IUPHAR,HPRD,STRING,SWISSPROT,TREMBL,ENSEMBL,CELLPHONEDB,BADERLAB,SINGLECELLSIGNALR,HOMOLOGENE","Koki Tsuyuzaki <k.t.the-answer@hotmail.co.jp>","SQLiteFile","FilePath","AHLRBaseDbs/v007/LRBase.Cpo.eg.db.sqlite","LRBaseDb:LRBase:NCBI:Gene:NCBI Gene:FANTOM5:DLRP:IUPHAR:HPRD:STRING:UNIPROTKB:SWISSPROT:TREMBL:ENSEMBL:CELLPHONEDB:BADERLAB:SINGLECELLSIGNALR:BIOMART:HOMOLOGENE:Annotation:LRBase.Cpo.eg.db:Cavia porcellus:Guinea pig:v007"
"LRBaseDb for Crocodylus porosus (Australian saltwater crocodile, v007)","Correspondence table between Ligand Gene ID and Receptor ID for Crocodylus porosus (Australian saltwater crocodile)","3.19",NA,"CSV","https://github.com/rikenbit/lrbase-workflow","24-Feb-2024","Crocodylus porosus",8502,NA,"FANTOM5,DLRP,IUPHAR,HPRD,STRING,SWISSPROT,TREMBL,ENSEMBL,CELLPHONEDB,BADERLAB,SINGLECELLSIGNALR,HOMOLOGENE","Koki Tsuyuzaki <k.t.the-answer@hotmail.co.jp>","SQLiteFile","FilePath","AHLRBaseDbs/v007/LRBase.Cpr.eg.db.sqlite","LRBaseDb:LRBase:NCBI:Gene:NCBI Gene:FANTOM5:DLRP:IUPHAR:HPRD:STRING:UNIPROTKB:SWISSPROT:TREMBL:ENSEMBL:CELLPHONEDB:BADERLAB:SINGLECELLSIGNALR:BIOMART:HOMOLOGENE:Annotation:LRBase.Cpr.eg.db:Crocodylus porosus:Australian saltwater crocodile:v007"
"LRBaseDb for Chlorocebus sabaeus (Green monkey, v007)","Correspondence table between Ligand Gene ID and Receptor ID for Chlorocebus sabaeus (Green monkey)","3.19",NA,"CSV","https://github.com/rikenbit/lrbase-workflow","24-Feb-2024","Chlorocebus sabaeus",60711,NA,"FANTOM5,DLRP,IUPHAR,HPRD,STRING,SWISSPROT,TREMBL,ENSEMBL,CELLPHONEDB,BADERLAB,SINGLECELLSIGNALR,HOMOLOGENE","Koki Tsuyuzaki <k.t.the-answer@hotmail.co.jp>","SQLiteFile","FilePath","AHLRBaseDbs/v007/LRBase.Csa.eg.db.sqlite","LRBaseDb:LRBase:NCBI:Gene:NCBI Gene:FANTOM5:DLRP:IUPHAR:HPRD:STRING:UNIPROTKB:SWISSPROT:TREMBL:ENSEMBL:CELLPHONEDB:BADERLAB:SINGLECELLSIGNALR:BIOMART:HOMOLOGENE:Annotation:LRBase.Csa.eg.db:Chlorocebus sabaeus:Green monkey:v007"
"LRBaseDb for Cynoglossus semilaevis (Tongue sole, v007)","Correspondence table between Ligand Gene ID and Receptor ID for Cynoglossus semilaevis (Tongue sole)","3.19",NA,"CSV","https://github.com/rikenbit/lrbase-workflow","24-Feb-2024","Cynoglossus semilaevis",244447,NA,"FANTOM5,DLRP,IUPHAR,HPRD,STRING,SWISSPROT,TREMBL,ENSEMBL,CELLPHONEDB,BADERLAB,SINGLECELLSIGNALR,HOMOLOGENE","Koki Tsuyuzaki <k.t.the-answer@hotmail.co.jp>","SQLiteFile","FilePath","AHLRBaseDbs/v007/LRBase.Cse.eg.db.sqlite","LRBaseDb:LRBase:NCBI:Gene:NCBI Gene:FANTOM5:DLRP:IUPHAR:HPRD:STRING:UNIPROTKB:SWISSPROT:TREMBL:ENSEMBL:CELLPHONEDB:BADERLAB:SINGLECELLSIGNALR:BIOMART:HOMOLOGENE:Annotation:LRBase.Cse.eg.db:Cynoglossus semilaevis:Tongue sole:v007"
"LRBaseDb for Carlito syrichta (Tarsier, v007)","Correspondence table between Ligand Gene ID and Receptor ID for Carlito syrichta (Tarsier)","3.19",NA,"CSV","https://github.com/rikenbit/lrbase-workflow","24-Feb-2024","Carlito syrichta",1868482,NA,"FANTOM5,DLRP,IUPHAR,HPRD,STRING,SWISSPROT,TREMBL,ENSEMBL,CELLPHONEDB,BADERLAB,SINGLECELLSIGNALR,HOMOLOGENE","Koki Tsuyuzaki <k.t.the-answer@hotmail.co.jp>","SQLiteFile","FilePath","AHLRBaseDbs/v007/LRBase.Csy.eg.db.sqlite","LRBaseDb:LRBase:NCBI:Gene:NCBI Gene:FANTOM5:DLRP:IUPHAR:HPRD:STRING:UNIPROTKB:SWISSPROT:TREMBL:ENSEMBL:CELLPHONEDB:BADERLAB:SINGLECELLSIGNALR:BIOMART:HOMOLOGENE:Annotation:LRBase.Csy.eg.db:Carlito syrichta:Tarsier:v007"
"LRBaseDb for Cyprinodon variegatus (Sheepshead minnow, v007)","Correspondence table between Ligand Gene ID and Receptor ID for Cyprinodon variegatus (Sheepshead minnow)","3.19",NA,"CSV","https://github.com/rikenbit/lrbase-workflow","24-Feb-2024","Cyprinodon variegatus",28743,NA,"FANTOM5,DLRP,IUPHAR,HPRD,STRING,SWISSPROT,TREMBL,ENSEMBL,CELLPHONEDB,BADERLAB,SINGLECELLSIGNALR,HOMOLOGENE","Koki Tsuyuzaki <k.t.the-answer@hotmail.co.jp>","SQLiteFile","FilePath","AHLRBaseDbs/v007/LRBase.Cva.eg.db.sqlite","LRBaseDb:LRBase:NCBI:Gene:NCBI Gene:FANTOM5:DLRP:IUPHAR:HPRD:STRING:UNIPROTKB:SWISSPROT:TREMBL:ENSEMBL:CELLPHONEDB:BADERLAB:SINGLECELLSIGNALR:BIOMART:HOMOLOGENE:Annotation:LRBase.Cva.eg.db:Cyprinodon variegatus:Sheepshead minnow:v007"
"LRBaseDb for Drosophila ananassae (Fruit fly, v007)","Correspondence table between Ligand Gene ID and Receptor ID for Drosophila ananassae (Fruit fly)","3.19",NA,"CSV","https://github.com/rikenbit/lrbase-workflow","24-Feb-2024","Drosophila ananassae",7217,NA,"FANTOM5,DLRP,IUPHAR,HPRD,STRING,SWISSPROT,TREMBL,ENSEMBL,CELLPHONEDB,BADERLAB,SINGLECELLSIGNALR,HOMOLOGENE","Koki Tsuyuzaki <k.t.the-answer@hotmail.co.jp>","SQLiteFile","FilePath","AHLRBaseDbs/v007/LRBase.Dan.eg.db.sqlite","LRBaseDb:LRBase:NCBI:Gene:NCBI Gene:FANTOM5:DLRP:IUPHAR:HPRD:STRING:UNIPROTKB:SWISSPROT:TREMBL:ENSEMBL:CELLPHONEDB:BADERLAB:SINGLECELLSIGNALR:BIOMART:HOMOLOGENE:Annotation:LRBase.Dan.eg.db:Drosophila ananassae:Fruit fly:v007"
"LRBaseDb for Denticeps clupeoides (Denticle herring, v007)","Correspondence table between Ligand Gene ID and Receptor ID for Denticeps clupeoides (Denticle herring)","3.19",NA,"CSV","https://github.com/rikenbit/lrbase-workflow","24-Feb-2024","Denticeps clupeoides",299321,NA,"FANTOM5,DLRP,IUPHAR,HPRD,STRING,SWISSPROT,TREMBL,ENSEMBL,CELLPHONEDB,BADERLAB,SINGLECELLSIGNALR,HOMOLOGENE","Koki Tsuyuzaki <k.t.the-answer@hotmail.co.jp>","SQLiteFile","FilePath","AHLRBaseDbs/v007/LRBase.Dcl.eg.db.sqlite","LRBaseDb:LRBase:NCBI:Gene:NCBI Gene:FANTOM5:DLRP:IUPHAR:HPRD:STRING:UNIPROTKB:SWISSPROT:TREMBL:ENSEMBL:CELLPHONEDB:BADERLAB:SINGLECELLSIGNALR:BIOMART:HOMOLOGENE:Annotation:LRBase.Dcl.eg.db:Denticeps clupeoides:Denticle herring:v007"
"LRBaseDb for Drosophila erecta (Fruit fly, v007)","Correspondence table between Ligand Gene ID and Receptor ID for Drosophila erecta (Fruit fly)","3.19",NA,"CSV","https://github.com/rikenbit/lrbase-workflow","24-Feb-2024","Drosophila erecta",7220,NA,"FANTOM5,DLRP,IUPHAR,HPRD,STRING,SWISSPROT,TREMBL,ENSEMBL,CELLPHONEDB,BADERLAB,SINGLECELLSIGNALR,HOMOLOGENE","Koki Tsuyuzaki <k.t.the-answer@hotmail.co.jp>","SQLiteFile","FilePath","AHLRBaseDbs/v007/LRBase.Der.eg.db.sqlite","LRBaseDb:LRBase:NCBI:Gene:NCBI Gene:FANTOM5:DLRP:IUPHAR:HPRD:STRING:UNIPROTKB:SWISSPROT:TREMBL:ENSEMBL:CELLPHONEDB:BADERLAB:SINGLECELLSIGNALR:BIOMART:HOMOLOGENE:Annotation:LRBase.Der.eg.db:Drosophila erecta:Fruit fly:v007"
"LRBaseDb for Drosophila grimshawi (Fruit fly, v007)","Correspondence table between Ligand Gene ID and Receptor ID for Drosophila grimshawi (Fruit fly)","3.19",NA,"CSV","https://github.com/rikenbit/lrbase-workflow","24-Feb-2024","Drosophila grimshawi",7222,NA,"FANTOM5,DLRP,IUPHAR,HPRD,STRING,SWISSPROT,TREMBL,ENSEMBL,CELLPHONEDB,BADERLAB,SINGLECELLSIGNALR,HOMOLOGENE","Koki Tsuyuzaki <k.t.the-answer@hotmail.co.jp>","SQLiteFile","FilePath","AHLRBaseDbs/v007/LRBase.Dgr.eg.db.sqlite","LRBaseDb:LRBase:NCBI:Gene:NCBI Gene:FANTOM5:DLRP:IUPHAR:HPRD:STRING:UNIPROTKB:SWISSPROT:TREMBL:ENSEMBL:CELLPHONEDB:BADERLAB:SINGLECELLSIGNALR:BIOMART:HOMOLOGENE:Annotation:LRBase.Dgr.eg.db:Drosophila grimshawi:Fruit fly:v007"
"LRBaseDb for Drosophila melanogaster (Fruit fly, v007)","Correspondence table between Ligand Gene ID and Receptor ID for Drosophila melanogaster (Fruit fly)","3.19",NA,"CSV","https://github.com/rikenbit/lrbase-workflow","24-Feb-2024","Drosophila melanogaster",7227,NA,"FANTOM5,DLRP,IUPHAR,HPRD,STRING,SWISSPROT,TREMBL,ENSEMBL,CELLPHONEDB,BADERLAB,SINGLECELLSIGNALR,HOMOLOGENE","Koki Tsuyuzaki <k.t.the-answer@hotmail.co.jp>","SQLiteFile","FilePath","AHLRBaseDbs/v007/LRBase.Dme.eg.db.sqlite","LRBaseDb:LRBase:NCBI:Gene:NCBI Gene:FANTOM5:DLRP:IUPHAR:HPRD:STRING:UNIPROTKB:SWISSPROT:TREMBL:ENSEMBL:CELLPHONEDB:BADERLAB:SINGLECELLSIGNALR:BIOMART:HOMOLOGENE:Annotation:LRBase.Dme.eg.db:Drosophila melanogaster:Fruit fly:v007"
"LRBaseDb for Drosophila mojavensis (Fruit fly, v007)","Correspondence table between Ligand Gene ID and Receptor ID for Drosophila mojavensis (Fruit fly)","3.19",NA,"CSV","https://github.com/rikenbit/lrbase-workflow","24-Feb-2024","Drosophila mojavensis",7230,NA,"FANTOM5,DLRP,IUPHAR,HPRD,STRING,SWISSPROT,TREMBL,ENSEMBL,CELLPHONEDB,BADERLAB,SINGLECELLSIGNALR,HOMOLOGENE","Koki Tsuyuzaki <k.t.the-answer@hotmail.co.jp>","SQLiteFile","FilePath","AHLRBaseDbs/v007/LRBase.Dmo.eg.db.sqlite","LRBaseDb:LRBase:NCBI:Gene:NCBI Gene:FANTOM5:DLRP:IUPHAR:HPRD:STRING:UNIPROTKB:SWISSPROT:TREMBL:ENSEMBL:CELLPHONEDB:BADERLAB:SINGLECELLSIGNALR:BIOMART:HOMOLOGENE:Annotation:LRBase.Dmo.eg.db:Drosophila mojavensis:Fruit fly:v007"
"LRBaseDb for Dasypus novemcinctus (Armadillo, v007)","Correspondence table between Ligand Gene ID and Receptor ID for Dasypus novemcinctus (Armadillo)","3.19",NA,"CSV","https://github.com/rikenbit/lrbase-workflow","24-Feb-2024","Dasypus novemcinctus",9361,NA,"FANTOM5,DLRP,IUPHAR,HPRD,STRING,SWISSPROT,TREMBL,ENSEMBL,CELLPHONEDB,BADERLAB,SINGLECELLSIGNALR,HOMOLOGENE","Koki Tsuyuzaki <k.t.the-answer@hotmail.co.jp>","SQLiteFile","FilePath","AHLRBaseDbs/v007/LRBase.Dno.eg.db.sqlite","LRBaseDb:LRBase:NCBI:Gene:NCBI Gene:FANTOM5:DLRP:IUPHAR:HPRD:STRING:UNIPROTKB:SWISSPROT:TREMBL:ENSEMBL:CELLPHONEDB:BADERLAB:SINGLECELLSIGNALR:BIOMART:HOMOLOGENE:Annotation:LRBase.Dno.eg.db:Dasypus novemcinctus:Armadillo:v007"
"LRBaseDb for Dipodomys ordii (Kangaroo rat, v007)","Correspondence table between Ligand Gene ID and Receptor ID for Dipodomys ordii (Kangaroo rat)","3.19",NA,"CSV","https://github.com/rikenbit/lrbase-workflow","24-Feb-2024","Dipodomys ordii",10020,NA,"FANTOM5,DLRP,IUPHAR,HPRD,STRING,SWISSPROT,TREMBL,ENSEMBL,CELLPHONEDB,BADERLAB,SINGLECELLSIGNALR,HOMOLOGENE","Koki Tsuyuzaki <k.t.the-answer@hotmail.co.jp>","SQLiteFile","FilePath","AHLRBaseDbs/v007/LRBase.Dor.eg.db.sqlite","LRBaseDb:LRBase:NCBI:Gene:NCBI Gene:FANTOM5:DLRP:IUPHAR:HPRD:STRING:UNIPROTKB:SWISSPROT:TREMBL:ENSEMBL:CELLPHONEDB:BADERLAB:SINGLECELLSIGNALR:BIOMART:HOMOLOGENE:Annotation:LRBase.Dor.eg.db:Dipodomys ordii:Kangaroo rat:v007"
"LRBaseDb for Drosophila persimilis (Fruit fly, v007)","Correspondence table between Ligand Gene ID and Receptor ID for Drosophila persimilis (Fruit fly)","3.19",NA,"CSV","https://github.com/rikenbit/lrbase-workflow","24-Feb-2024","Drosophila persimilis",7234,NA,"FANTOM5,DLRP,IUPHAR,HPRD,STRING,SWISSPROT,TREMBL,ENSEMBL,CELLPHONEDB,BADERLAB,SINGLECELLSIGNALR,HOMOLOGENE","Koki Tsuyuzaki <k.t.the-answer@hotmail.co.jp>","SQLiteFile","FilePath","AHLRBaseDbs/v007/LRBase.Dpe.eg.db.sqlite","LRBaseDb:LRBase:NCBI:Gene:NCBI Gene:FANTOM5:DLRP:IUPHAR:HPRD:STRING:UNIPROTKB:SWISSPROT:TREMBL:ENSEMBL:CELLPHONEDB:BADERLAB:SINGLECELLSIGNALR:BIOMART:HOMOLOGENE:Annotation:LRBase.Dpe.eg.db:Drosophila persimilis:Fruit fly:v007"
"LRBaseDb for Danio rerio (Zebrafish, v007)","Correspondence table between Ligand Gene ID and Receptor ID for Danio rerio (Zebrafish)","3.19",NA,"CSV","https://github.com/rikenbit/lrbase-workflow","24-Feb-2024","Danio rerio",7955,NA,"FANTOM5,DLRP,IUPHAR,HPRD,STRING,SWISSPROT,TREMBL,ENSEMBL,CELLPHONEDB,BADERLAB,SINGLECELLSIGNALR,HOMOLOGENE","Koki Tsuyuzaki <k.t.the-answer@hotmail.co.jp>","SQLiteFile","FilePath","AHLRBaseDbs/v007/LRBase.Dre.eg.db.sqlite","LRBaseDb:LRBase:NCBI:Gene:NCBI Gene:FANTOM5:DLRP:IUPHAR:HPRD:STRING:UNIPROTKB:SWISSPROT:TREMBL:ENSEMBL:CELLPHONEDB:BADERLAB:SINGLECELLSIGNALR:BIOMART:HOMOLOGENE:Annotation:LRBase.Dre.eg.db:Danio rerio:Zebrafish:v007"
"LRBaseDb for Drosophila sechellia (Fruit fly, v007)","Correspondence table between Ligand Gene ID and Receptor ID for Drosophila sechellia (Fruit fly)","3.19",NA,"CSV","https://github.com/rikenbit/lrbase-workflow","24-Feb-2024","Drosophila sechellia",7238,NA,"FANTOM5,DLRP,IUPHAR,HPRD,STRING,SWISSPROT,TREMBL,ENSEMBL,CELLPHONEDB,BADERLAB,SINGLECELLSIGNALR,HOMOLOGENE","Koki Tsuyuzaki <k.t.the-answer@hotmail.co.jp>","SQLiteFile","FilePath","AHLRBaseDbs/v007/LRBase.Dse.eg.db.sqlite","LRBaseDb:LRBase:NCBI:Gene:NCBI Gene:FANTOM5:DLRP:IUPHAR:HPRD:STRING:UNIPROTKB:SWISSPROT:TREMBL:ENSEMBL:CELLPHONEDB:BADERLAB:SINGLECELLSIGNALR:BIOMART:HOMOLOGENE:Annotation:LRBase.Dse.eg.db:Drosophila sechellia:Fruit fly:v007"
"LRBaseDb for Drosophila simulans (Fruit fly, v007)","Correspondence table between Ligand Gene ID and Receptor ID for Drosophila simulans (Fruit fly)","3.19",NA,"CSV","https://github.com/rikenbit/lrbase-workflow","24-Feb-2024","Drosophila simulans",7240,NA,"FANTOM5,DLRP,IUPHAR,HPRD,STRING,SWISSPROT,TREMBL,ENSEMBL,CELLPHONEDB,BADERLAB,SINGLECELLSIGNALR,HOMOLOGENE","Koki Tsuyuzaki <k.t.the-answer@hotmail.co.jp>","SQLiteFile","FilePath","AHLRBaseDbs/v007/LRBase.Dsi.eg.db.sqlite","LRBaseDb:LRBase:NCBI:Gene:NCBI Gene:FANTOM5:DLRP:IUPHAR:HPRD:STRING:UNIPROTKB:SWISSPROT:TREMBL:ENSEMBL:CELLPHONEDB:BADERLAB:SINGLECELLSIGNALR:BIOMART:HOMOLOGENE:Annotation:LRBase.Dsi.eg.db:Drosophila simulans:Fruit fly:v007"
"LRBaseDb for Drosophila virilis (Fruit fly, v007)","Correspondence table between Ligand Gene ID and Receptor ID for Drosophila virilis (Fruit fly)","3.19",NA,"CSV","https://github.com/rikenbit/lrbase-workflow","24-Feb-2024","Drosophila virilis",7244,NA,"FANTOM5,DLRP,IUPHAR,HPRD,STRING,SWISSPROT,TREMBL,ENSEMBL,CELLPHONEDB,BADERLAB,SINGLECELLSIGNALR,HOMOLOGENE","Koki Tsuyuzaki <k.t.the-answer@hotmail.co.jp>","SQLiteFile","FilePath","AHLRBaseDbs/v007/LRBase.Dvi.eg.db.sqlite","LRBaseDb:LRBase:NCBI:Gene:NCBI Gene:FANTOM5:DLRP:IUPHAR:HPRD:STRING:UNIPROTKB:SWISSPROT:TREMBL:ENSEMBL:CELLPHONEDB:BADERLAB:SINGLECELLSIGNALR:BIOMART:HOMOLOGENE:Annotation:LRBase.Dvi.eg.db:Drosophila virilis:Fruit fly:v007"
"LRBaseDb for Drosophila yakuba (Fruit fly, v007)","Correspondence table between Ligand Gene ID and Receptor ID for Drosophila yakuba (Fruit fly)","3.19",NA,"CSV","https://github.com/rikenbit/lrbase-workflow","24-Feb-2024","Drosophila yakuba",7245,NA,"FANTOM5,DLRP,IUPHAR,HPRD,STRING,SWISSPROT,TREMBL,ENSEMBL,CELLPHONEDB,BADERLAB,SINGLECELLSIGNALR,HOMOLOGENE","Koki Tsuyuzaki <k.t.the-answer@hotmail.co.jp>","SQLiteFile","FilePath","AHLRBaseDbs/v007/LRBase.Dya.eg.db.sqlite","LRBaseDb:LRBase:NCBI:Gene:NCBI Gene:FANTOM5:DLRP:IUPHAR:HPRD:STRING:UNIPROTKB:SWISSPROT:TREMBL:ENSEMBL:CELLPHONEDB:BADERLAB:SINGLECELLSIGNALR:BIOMART:HOMOLOGENE:Annotation:LRBase.Dya.eg.db:Drosophila yakuba:Fruit fly:v007"
"LRBaseDb for Equus caballus (Horse, v007)","Correspondence table between Ligand Gene ID and Receptor ID for Equus caballus (Horse)","3.19",NA,"CSV","https://github.com/rikenbit/lrbase-workflow","24-Feb-2024","Equus caballus",9796,NA,"FANTOM5,DLRP,IUPHAR,HPRD,STRING,SWISSPROT,TREMBL,ENSEMBL,CELLPHONEDB,BADERLAB,SINGLECELLSIGNALR,HOMOLOGENE","Koki Tsuyuzaki <k.t.the-answer@hotmail.co.jp>","SQLiteFile","FilePath","AHLRBaseDbs/v007/LRBase.Eca.eg.db.sqlite","LRBaseDb:LRBase:NCBI:Gene:NCBI Gene:FANTOM5:DLRP:IUPHAR:HPRD:STRING:UNIPROTKB:SWISSPROT:TREMBL:ENSEMBL:CELLPHONEDB:BADERLAB:SINGLECELLSIGNALR:BIOMART:HOMOLOGENE:Annotation:LRBase.Eca.eg.db:Equus caballus:Horse:v007"
"LRBaseDb for Erpetoichthys calabaricus (Reedfish, v007)","Correspondence table between Ligand Gene ID and Receptor ID for Erpetoichthys calabaricus (Reedfish)","3.19",NA,"CSV","https://github.com/rikenbit/lrbase-workflow","24-Feb-2024","Erpetoichthys calabaricus",27687,NA,"FANTOM5,DLRP,IUPHAR,HPRD,STRING,SWISSPROT,TREMBL,ENSEMBL,CELLPHONEDB,BADERLAB,SINGLECELLSIGNALR,HOMOLOGENE","Koki Tsuyuzaki <k.t.the-answer@hotmail.co.jp>","SQLiteFile","FilePath","AHLRBaseDbs/v007/LRBase.Ecl.eg.db.sqlite","LRBaseDb:LRBase:NCBI:Gene:NCBI Gene:FANTOM5:DLRP:IUPHAR:HPRD:STRING:UNIPROTKB:SWISSPROT:TREMBL:ENSEMBL:CELLPHONEDB:BADERLAB:SINGLECELLSIGNALR:BIOMART:HOMOLOGENE:Annotation:LRBase.Ecl.eg.db:Erpetoichthys calabaricus:Reedfish:v007"
"LRBaseDb for Electrophorus electricus (Electric eel, v007)","Correspondence table between Ligand Gene ID and Receptor ID for Electrophorus electricus (Electric eel)","3.19",NA,"CSV","https://github.com/rikenbit/lrbase-workflow","24-Feb-2024","Electrophorus electricus",8005,NA,"FANTOM5,DLRP,IUPHAR,HPRD,STRING,SWISSPROT,TREMBL,ENSEMBL,CELLPHONEDB,BADERLAB,SINGLECELLSIGNALR,HOMOLOGENE","Koki Tsuyuzaki <k.t.the-answer@hotmail.co.jp>","SQLiteFile","FilePath","AHLRBaseDbs/v007/LRBase.Eel.eg.db.sqlite","LRBaseDb:LRBase:NCBI:Gene:NCBI Gene:FANTOM5:DLRP:IUPHAR:HPRD:STRING:UNIPROTKB:SWISSPROT:TREMBL:ENSEMBL:CELLPHONEDB:BADERLAB:SINGLECELLSIGNALR:BIOMART:HOMOLOGENE:Annotation:LRBase.Eel.eg.db:Electrophorus electricus:Electric eel:v007"
"LRBaseDb for Ficedula albicollis (Flycatcher, v007)","Correspondence table between Ligand Gene ID and Receptor ID for Ficedula albicollis (Flycatcher)","3.19",NA,"CSV","https://github.com/rikenbit/lrbase-workflow","24-Feb-2024","Ficedula albicollis",59894,NA,"FANTOM5,DLRP,IUPHAR,HPRD,STRING,SWISSPROT,TREMBL,ENSEMBL,CELLPHONEDB,BADERLAB,SINGLECELLSIGNALR,HOMOLOGENE","Koki Tsuyuzaki <k.t.the-answer@hotmail.co.jp>","SQLiteFile","FilePath","AHLRBaseDbs/v007/LRBase.Fal.eg.db.sqlite","LRBaseDb:LRBase:NCBI:Gene:NCBI Gene:FANTOM5:DLRP:IUPHAR:HPRD:STRING:UNIPROTKB:SWISSPROT:TREMBL:ENSEMBL:CELLPHONEDB:BADERLAB:SINGLECELLSIGNALR:BIOMART:HOMOLOGENE:Annotation:LRBase.Fal.eg.db:Ficedula albicollis:Flycatcher:v007"
"LRBaseDb for Felis catus (Cat, v007)","Correspondence table between Ligand Gene ID and Receptor ID for Felis catus (Cat)","3.19",NA,"CSV","https://github.com/rikenbit/lrbase-workflow","24-Feb-2024","Felis catus",9685,NA,"FANTOM5,DLRP,IUPHAR,HPRD,STRING,SWISSPROT,TREMBL,ENSEMBL,CELLPHONEDB,BADERLAB,SINGLECELLSIGNALR,HOMOLOGENE","Koki Tsuyuzaki <k.t.the-answer@hotmail.co.jp>","SQLiteFile","FilePath","AHLRBaseDbs/v007/LRBase.Fca.eg.db.sqlite","LRBaseDb:LRBase:NCBI:Gene:NCBI Gene:FANTOM5:DLRP:IUPHAR:HPRD:STRING:UNIPROTKB:SWISSPROT:TREMBL:ENSEMBL:CELLPHONEDB:BADERLAB:SINGLECELLSIGNALR:BIOMART:HOMOLOGENE:Annotation:LRBase.Fca.eg.db:Felis catus:Cat:v007"
"LRBaseDb for Fundulus heteroclitus (Mummichog, v007)","Correspondence table between Ligand Gene ID and Receptor ID for Fundulus heteroclitus (Mummichog)","3.19",NA,"CSV","https://github.com/rikenbit/lrbase-workflow","24-Feb-2024","Fundulus heteroclitus",8078,NA,"FANTOM5,DLRP,IUPHAR,HPRD,STRING,SWISSPROT,TREMBL,ENSEMBL,CELLPHONEDB,BADERLAB,SINGLECELLSIGNALR,HOMOLOGENE","Koki Tsuyuzaki <k.t.the-answer@hotmail.co.jp>","SQLiteFile","FilePath","AHLRBaseDbs/v007/LRBase.Fhe.eg.db.sqlite","LRBaseDb:LRBase:NCBI:Gene:NCBI Gene:FANTOM5:DLRP:IUPHAR:HPRD:STRING:UNIPROTKB:SWISSPROT:TREMBL:ENSEMBL:CELLPHONEDB:BADERLAB:SINGLECELLSIGNALR:BIOMART:HOMOLOGENE:Annotation:LRBase.Fhe.eg.db:Fundulus heteroclitus:Mummichog:v007"
"LRBaseDb for Gallus gallus (Chicken, v007)","Correspondence table between Ligand Gene ID and Receptor ID for Gallus gallus (Chicken)","3.19",NA,"CSV","https://github.com/rikenbit/lrbase-workflow","24-Feb-2024","Gallus gallus",9031,NA,"FANTOM5,DLRP,IUPHAR,HPRD,STRING,SWISSPROT,TREMBL,ENSEMBL,CELLPHONEDB,BADERLAB,SINGLECELLSIGNALR,HOMOLOGENE","Koki Tsuyuzaki <k.t.the-answer@hotmail.co.jp>","SQLiteFile","FilePath","AHLRBaseDbs/v007/LRBase.Gga.eg.db.sqlite","LRBaseDb:LRBase:NCBI:Gene:NCBI Gene:FANTOM5:DLRP:IUPHAR:HPRD:STRING:UNIPROTKB:SWISSPROT:TREMBL:ENSEMBL:CELLPHONEDB:BADERLAB:SINGLECELLSIGNALR:BIOMART:HOMOLOGENE:Annotation:LRBase.Gga.eg.db:Gallus gallus:Chicken:v007"
"LRBaseDb for Gadus morhua (Cod, v007)","Correspondence table between Ligand Gene ID and Receptor ID for Gadus morhua (Cod)","3.19",NA,"CSV","https://github.com/rikenbit/lrbase-workflow","24-Feb-2024","Gadus morhua",8049,NA,"FANTOM5,DLRP,IUPHAR,HPRD,STRING,SWISSPROT,TREMBL,ENSEMBL,CELLPHONEDB,BADERLAB,SINGLECELLSIGNALR,HOMOLOGENE","Koki Tsuyuzaki <k.t.the-answer@hotmail.co.jp>","SQLiteFile","FilePath","AHLRBaseDbs/v007/LRBase.Gmo.eg.db.sqlite","LRBaseDb:LRBase:NCBI:Gene:NCBI Gene:FANTOM5:DLRP:IUPHAR:HPRD:STRING:UNIPROTKB:SWISSPROT:TREMBL:ENSEMBL:CELLPHONEDB:BADERLAB:SINGLECELLSIGNALR:BIOMART:HOMOLOGENE:Annotation:LRBase.Gmo.eg.db:Gadus morhua:Cod:v007"
"LRBaseDb for Haplochromis burtoni (Burton's mouthbrooder, v007)","Correspondence table between Ligand Gene ID and Receptor ID for Haplochromis burtoni (Burton's mouthbrooder)","3.19",NA,"CSV","https://github.com/rikenbit/lrbase-workflow","24-Feb-2024","Haplochromis burtoni",8153,NA,"FANTOM5,DLRP,IUPHAR,HPRD,STRING,SWISSPROT,TREMBL,ENSEMBL,CELLPHONEDB,BADERLAB,SINGLECELLSIGNALR,HOMOLOGENE","Koki Tsuyuzaki <k.t.the-answer@hotmail.co.jp>","SQLiteFile","FilePath","AHLRBaseDbs/v007/LRBase.Hbu.eg.db.sqlite","LRBaseDb:LRBase:NCBI:Gene:NCBI Gene:FANTOM5:DLRP:IUPHAR:HPRD:STRING:UNIPROTKB:SWISSPROT:TREMBL:ENSEMBL:CELLPHONEDB:BADERLAB:SINGLECELLSIGNALR:BIOMART:HOMOLOGENE:Annotation:LRBase.Hbu.eg.db:Haplochromis burtoni:Burton's mouthbrooder:v007"
"LRBaseDb for Hippocampus comes (Tiger tail seahorse, v007)","Correspondence table between Ligand Gene ID and Receptor ID for Hippocampus comes (Tiger tail seahorse)","3.19",NA,"CSV","https://github.com/rikenbit/lrbase-workflow","24-Feb-2024","Hippocampus comes",109280,NA,"FANTOM5,DLRP,IUPHAR,HPRD,STRING,SWISSPROT,TREMBL,ENSEMBL,CELLPHONEDB,BADERLAB,SINGLECELLSIGNALR,HOMOLOGENE","Koki Tsuyuzaki <k.t.the-answer@hotmail.co.jp>","SQLiteFile","FilePath","AHLRBaseDbs/v007/LRBase.Hco.eg.db.sqlite","LRBaseDb:LRBase:NCBI:Gene:NCBI Gene:FANTOM5:DLRP:IUPHAR:HPRD:STRING:UNIPROTKB:SWISSPROT:TREMBL:ENSEMBL:CELLPHONEDB:BADERLAB:SINGLECELLSIGNALR:BIOMART:HOMOLOGENE:Annotation:LRBase.Hco.eg.db:Hippocampus comes:Tiger tail seahorse:v007"
"LRBaseDb for Heterocephalus glaber (Naked mole-rat female, v007)","Correspondence table between Ligand Gene ID and Receptor ID for Heterocephalus glaber (Naked mole-rat female)","3.19",NA,"CSV","https://github.com/rikenbit/lrbase-workflow","24-Feb-2024","Heterocephalus glaber",10181,NA,"FANTOM5,DLRP,IUPHAR,HPRD,STRING,SWISSPROT,TREMBL,ENSEMBL,CELLPHONEDB,BADERLAB,SINGLECELLSIGNALR,HOMOLOGENE","Koki Tsuyuzaki <k.t.the-answer@hotmail.co.jp>","SQLiteFile","FilePath","AHLRBaseDbs/v007/LRBase.Hgl.eg.db.sqlite","LRBaseDb:LRBase:NCBI:Gene:NCBI Gene:FANTOM5:DLRP:IUPHAR:HPRD:STRING:UNIPROTKB:SWISSPROT:TREMBL:ENSEMBL:CELLPHONEDB:BADERLAB:SINGLECELLSIGNALR:BIOMART:HOMOLOGENE:Annotation:LRBase.Hgl.eg.db:Heterocephalus glaber:Naked mole-rat female:v007"
"LRBaseDb for Homo sapiens (Human, v007)","Correspondence table between Ligand Gene ID and Receptor ID for Homo sapiens (Human)","3.19",NA,"CSV","https://github.com/rikenbit/lrbase-workflow","24-Feb-2024","Homo sapiens",9606,NA,"FANTOM5,DLRP,IUPHAR,HPRD,STRING,SWISSPROT,TREMBL,ENSEMBL,CELLPHONEDB,BADERLAB,SINGLECELLSIGNALR,HOMOLOGENE","Koki Tsuyuzaki <k.t.the-answer@hotmail.co.jp>","SQLiteFile","FilePath","AHLRBaseDbs/v007/LRBase.Hsa.eg.db.sqlite","LRBaseDb:LRBase:NCBI:Gene:NCBI Gene:FANTOM5:DLRP:IUPHAR:HPRD:STRING:UNIPROTKB:SWISSPROT:TREMBL:ENSEMBL:CELLPHONEDB:BADERLAB:SINGLECELLSIGNALR:BIOMART:HOMOLOGENE:Annotation:LRBase.Hsa.eg.db:Homo sapiens:Human:v007"
"LRBaseDb for Ictalurus punctatus (Channel catfish, v007)","Correspondence table between Ligand Gene ID and Receptor ID for Ictalurus punctatus (Channel catfish)","3.19",NA,"CSV","https://github.com/rikenbit/lrbase-workflow","24-Feb-2024","Ictalurus punctatus",7998,NA,"FANTOM5,DLRP,IUPHAR,HPRD,STRING,SWISSPROT,TREMBL,ENSEMBL,CELLPHONEDB,BADERLAB,SINGLECELLSIGNALR,HOMOLOGENE","Koki Tsuyuzaki <k.t.the-answer@hotmail.co.jp>","SQLiteFile","FilePath","AHLRBaseDbs/v007/LRBase.Ipu.eg.db.sqlite","LRBaseDb:LRBase:NCBI:Gene:NCBI Gene:FANTOM5:DLRP:IUPHAR:HPRD:STRING:UNIPROTKB:SWISSPROT:TREMBL:ENSEMBL:CELLPHONEDB:BADERLAB:SINGLECELLSIGNALR:BIOMART:HOMOLOGENE:Annotation:LRBase.Ipu.eg.db:Ictalurus punctatus:Channel catfish:v007"
"LRBaseDb for Ictidomys tridecemlineatus (Squirrel, v007)","Correspondence table between Ligand Gene ID and Receptor ID for Ictidomys tridecemlineatus (Squirrel)","3.19",NA,"CSV","https://github.com/rikenbit/lrbase-workflow","24-Feb-2024","Ictidomys tridecemlineatus",43179,NA,"FANTOM5,DLRP,IUPHAR,HPRD,STRING,SWISSPROT,TREMBL,ENSEMBL,CELLPHONEDB,BADERLAB,SINGLECELLSIGNALR,HOMOLOGENE","Koki Tsuyuzaki <k.t.the-answer@hotmail.co.jp>","SQLiteFile","FilePath","AHLRBaseDbs/v007/LRBase.Itr.eg.db.sqlite","LRBaseDb:LRBase:NCBI:Gene:NCBI Gene:FANTOM5:DLRP:IUPHAR:HPRD:STRING:UNIPROTKB:SWISSPROT:TREMBL:ENSEMBL:CELLPHONEDB:BADERLAB:SINGLECELLSIGNALR:BIOMART:HOMOLOGENE:Annotation:LRBase.Itr.eg.db:Ictidomys tridecemlineatus:Squirrel:v007"
"LRBaseDb for Jaculus jaculus (Lesser Egyptian jerboa, v007)","Correspondence table between Ligand Gene ID and Receptor ID for Jaculus jaculus (Lesser Egyptian jerboa)","3.19",NA,"CSV","https://github.com/rikenbit/lrbase-workflow","24-Feb-2024","Jaculus jaculus",51337,NA,"FANTOM5,DLRP,IUPHAR,HPRD,STRING,SWISSPROT,TREMBL,ENSEMBL,CELLPHONEDB,BADERLAB,SINGLECELLSIGNALR,HOMOLOGENE","Koki Tsuyuzaki <k.t.the-answer@hotmail.co.jp>","SQLiteFile","FilePath","AHLRBaseDbs/v007/LRBase.Jja.eg.db.sqlite","LRBaseDb:LRBase:NCBI:Gene:NCBI Gene:FANTOM5:DLRP:IUPHAR:HPRD:STRING:UNIPROTKB:SWISSPROT:TREMBL:ENSEMBL:CELLPHONEDB:BADERLAB:SINGLECELLSIGNALR:BIOMART:HOMOLOGENE:Annotation:LRBase.Jja.eg.db:Jaculus jaculus:Lesser Egyptian jerboa:v007"
"LRBaseDb for Loxodonta africana (Elephant, v007)","Correspondence table between Ligand Gene ID and Receptor ID for Loxodonta africana (Elephant)","3.19",NA,"CSV","https://github.com/rikenbit/lrbase-workflow","24-Feb-2024","Loxodonta africana",9785,NA,"FANTOM5,DLRP,IUPHAR,HPRD,STRING,SWISSPROT,TREMBL,ENSEMBL,CELLPHONEDB,BADERLAB,SINGLECELLSIGNALR,HOMOLOGENE","Koki Tsuyuzaki <k.t.the-answer@hotmail.co.jp>","SQLiteFile","FilePath","AHLRBaseDbs/v007/LRBase.Laf.eg.db.sqlite","LRBaseDb:LRBase:NCBI:Gene:NCBI Gene:FANTOM5:DLRP:IUPHAR:HPRD:STRING:UNIPROTKB:SWISSPROT:TREMBL:ENSEMBL:CELLPHONEDB:BADERLAB:SINGLECELLSIGNALR:BIOMART:HOMOLOGENE:Annotation:LRBase.Laf.eg.db:Loxodonta africana:Elephant:v007"
"LRBaseDb for Labrus bergylta (Ballan wrasse, v007)","Correspondence table between Ligand Gene ID and Receptor ID for Labrus bergylta (Ballan wrasse)","3.19",NA,"CSV","https://github.com/rikenbit/lrbase-workflow","24-Feb-2024","Labrus bergylta",56723,NA,"FANTOM5,DLRP,IUPHAR,HPRD,STRING,SWISSPROT,TREMBL,ENSEMBL,CELLPHONEDB,BADERLAB,SINGLECELLSIGNALR,HOMOLOGENE","Koki Tsuyuzaki <k.t.the-answer@hotmail.co.jp>","SQLiteFile","FilePath","AHLRBaseDbs/v007/LRBase.Lbe.eg.db.sqlite","LRBaseDb:LRBase:NCBI:Gene:NCBI Gene:FANTOM5:DLRP:IUPHAR:HPRD:STRING:UNIPROTKB:SWISSPROT:TREMBL:ENSEMBL:CELLPHONEDB:BADERLAB:SINGLECELLSIGNALR:BIOMART:HOMOLOGENE:Annotation:LRBase.Lbe.eg.db:Labrus bergylta:Ballan wrasse:v007"
"LRBaseDb for Lates calcarifer (Barramundi perch, v007)","Correspondence table between Ligand Gene ID and Receptor ID for Lates calcarifer (Barramundi perch)","3.19",NA,"CSV","https://github.com/rikenbit/lrbase-workflow","24-Feb-2024","Lates calcarifer",8187,NA,"FANTOM5,DLRP,IUPHAR,HPRD,STRING,SWISSPROT,TREMBL,ENSEMBL,CELLPHONEDB,BADERLAB,SINGLECELLSIGNALR,HOMOLOGENE","Koki Tsuyuzaki <k.t.the-answer@hotmail.co.jp>","SQLiteFile","FilePath","AHLRBaseDbs/v007/LRBase.Lca.eg.db.sqlite","LRBaseDb:LRBase:NCBI:Gene:NCBI Gene:FANTOM5:DLRP:IUPHAR:HPRD:STRING:UNIPROTKB:SWISSPROT:TREMBL:ENSEMBL:CELLPHONEDB:BADERLAB:SINGLECELLSIGNALR:BIOMART:HOMOLOGENE:Annotation:LRBase.Lca.eg.db:Lates calcarifer:Barramundi perch:v007"
"LRBaseDb for Latimeria chalumnae (Coelacanth, v007)","Correspondence table between Ligand Gene ID and Receptor ID for Latimeria chalumnae (Coelacanth)","3.19",NA,"CSV","https://github.com/rikenbit/lrbase-workflow","24-Feb-2024","Latimeria chalumnae",7897,NA,"FANTOM5,DLRP,IUPHAR,HPRD,STRING,SWISSPROT,TREMBL,ENSEMBL,CELLPHONEDB,BADERLAB,SINGLECELLSIGNALR,HOMOLOGENE","Koki Tsuyuzaki <k.t.the-answer@hotmail.co.jp>","SQLiteFile","FilePath","AHLRBaseDbs/v007/LRBase.Lch.eg.db.sqlite","LRBaseDb:LRBase:NCBI:Gene:NCBI Gene:FANTOM5:DLRP:IUPHAR:HPRD:STRING:UNIPROTKB:SWISSPROT:TREMBL:ENSEMBL:CELLPHONEDB:BADERLAB:SINGLECELLSIGNALR:BIOMART:HOMOLOGENE:Annotation:LRBase.Lch.eg.db:Latimeria chalumnae:Coelacanth:v007"
"LRBaseDb for Larimichthys crocea (Large yellow croaker, v007)","Correspondence table between Ligand Gene ID and Receptor ID for Larimichthys crocea (Large yellow croaker)","3.19",NA,"CSV","https://github.com/rikenbit/lrbase-workflow","24-Feb-2024","Larimichthys crocea",215358,NA,"FANTOM5,DLRP,IUPHAR,HPRD,STRING,SWISSPROT,TREMBL,ENSEMBL,CELLPHONEDB,BADERLAB,SINGLECELLSIGNALR,HOMOLOGENE","Koki Tsuyuzaki <k.t.the-answer@hotmail.co.jp>","SQLiteFile","FilePath","AHLRBaseDbs/v007/LRBase.Lcr.eg.db.sqlite","LRBaseDb:LRBase:NCBI:Gene:NCBI Gene:FANTOM5:DLRP:IUPHAR:HPRD:STRING:UNIPROTKB:SWISSPROT:TREMBL:ENSEMBL:CELLPHONEDB:BADERLAB:SINGLECELLSIGNALR:BIOMART:HOMOLOGENE:Annotation:LRBase.Lcr.eg.db:Larimichthys crocea:Large yellow croaker:v007"
"LRBaseDb for Lepisosteus oculatus (Spotted gar, v007)","Correspondence table between Ligand Gene ID and Receptor ID for Lepisosteus oculatus (Spotted gar)","3.19",NA,"CSV","https://github.com/rikenbit/lrbase-workflow","24-Feb-2024","Lepisosteus oculatus",7918,NA,"FANTOM5,DLRP,IUPHAR,HPRD,STRING,SWISSPROT,TREMBL,ENSEMBL,CELLPHONEDB,BADERLAB,SINGLECELLSIGNALR,HOMOLOGENE","Koki Tsuyuzaki <k.t.the-answer@hotmail.co.jp>","SQLiteFile","FilePath","AHLRBaseDbs/v007/LRBase.Loc.eg.db.sqlite","LRBaseDb:LRBase:NCBI:Gene:NCBI Gene:FANTOM5:DLRP:IUPHAR:HPRD:STRING:UNIPROTKB:SWISSPROT:TREMBL:ENSEMBL:CELLPHONEDB:BADERLAB:SINGLECELLSIGNALR:BIOMART:HOMOLOGENE:Annotation:LRBase.Loc.eg.db:Lepisosteus oculatus:Spotted gar:v007"
"LRBaseDb for Mastacembelus armatus (Zig-zag eel, v007)","Correspondence table between Ligand Gene ID and Receptor ID for Mastacembelus armatus (Zig-zag eel)","3.19",NA,"CSV","https://github.com/rikenbit/lrbase-workflow","24-Feb-2024","Mastacembelus armatus",205130,NA,"FANTOM5,DLRP,IUPHAR,HPRD,STRING,SWISSPROT,TREMBL,ENSEMBL,CELLPHONEDB,BADERLAB,SINGLECELLSIGNALR,HOMOLOGENE","Koki Tsuyuzaki <k.t.the-answer@hotmail.co.jp>","SQLiteFile","FilePath","AHLRBaseDbs/v007/LRBase.Mar.eg.db.sqlite","LRBaseDb:LRBase:NCBI:Gene:NCBI Gene:FANTOM5:DLRP:IUPHAR:HPRD:STRING:UNIPROTKB:SWISSPROT:TREMBL:ENSEMBL:CELLPHONEDB:BADERLAB:SINGLECELLSIGNALR:BIOMART:HOMOLOGENE:Annotation:LRBase.Mar.eg.db:Mastacembelus armatus:Zig-zag eel:v007"
"LRBaseDb for Mesocricetus auratus (Golden Hamster, v007)","Correspondence table between Ligand Gene ID and Receptor ID for Mesocricetus auratus (Golden Hamster)","3.19",NA,"CSV","https://github.com/rikenbit/lrbase-workflow","24-Feb-2024","Mesocricetus auratus",10036,NA,"FANTOM5,DLRP,IUPHAR,HPRD,STRING,SWISSPROT,TREMBL,ENSEMBL,CELLPHONEDB,BADERLAB,SINGLECELLSIGNALR,HOMOLOGENE","Koki Tsuyuzaki <k.t.the-answer@hotmail.co.jp>","SQLiteFile","FilePath","AHLRBaseDbs/v007/LRBase.Mau.eg.db.sqlite","LRBaseDb:LRBase:NCBI:Gene:NCBI Gene:FANTOM5:DLRP:IUPHAR:HPRD:STRING:UNIPROTKB:SWISSPROT:TREMBL:ENSEMBL:CELLPHONEDB:BADERLAB:SINGLECELLSIGNALR:BIOMART:HOMOLOGENE:Annotation:LRBase.Mau.eg.db:Mesocricetus auratus:Golden Hamster:v007"
"LRBaseDb for Mus caroli (Ryukyu mouse, v007)","Correspondence table between Ligand Gene ID and Receptor ID for Mus caroli (Ryukyu mouse)","3.19",NA,"CSV","https://github.com/rikenbit/lrbase-workflow","24-Feb-2024","Mus caroli",10089,NA,"FANTOM5,DLRP,IUPHAR,HPRD,STRING,SWISSPROT,TREMBL,ENSEMBL,CELLPHONEDB,BADERLAB,SINGLECELLSIGNALR,HOMOLOGENE","Koki Tsuyuzaki <k.t.the-answer@hotmail.co.jp>","SQLiteFile","FilePath","AHLRBaseDbs/v007/LRBase.Mca.eg.db.sqlite","LRBaseDb:LRBase:NCBI:Gene:NCBI Gene:FANTOM5:DLRP:IUPHAR:HPRD:STRING:UNIPROTKB:SWISSPROT:TREMBL:ENSEMBL:CELLPHONEDB:BADERLAB:SINGLECELLSIGNALR:BIOMART:HOMOLOGENE:Annotation:LRBase.Mca.eg.db:Mus caroli:Ryukyu mouse:v007"
"LRBaseDb for Monodelphis domestica (Gray short-tailed opossum, v007)","Correspondence table between Ligand Gene ID and Receptor ID for Monodelphis domestica (Gray short-tailed opossum)","3.19",NA,"CSV","https://github.com/rikenbit/lrbase-workflow","24-Feb-2024","Monodelphis domestica",13616,NA,"FANTOM5,DLRP,IUPHAR,HPRD,STRING,SWISSPROT,TREMBL,ENSEMBL,CELLPHONEDB,BADERLAB,SINGLECELLSIGNALR,HOMOLOGENE","Koki Tsuyuzaki <k.t.the-answer@hotmail.co.jp>","SQLiteFile","FilePath","AHLRBaseDbs/v007/LRBase.Mdo.eg.db.sqlite","LRBaseDb:LRBase:NCBI:Gene:NCBI Gene:FANTOM5:DLRP:IUPHAR:HPRD:STRING:UNIPROTKB:SWISSPROT:TREMBL:ENSEMBL:CELLPHONEDB:BADERLAB:SINGLECELLSIGNALR:BIOMART:HOMOLOGENE:Annotation:LRBase.Mdo.eg.db:Monodelphis domestica:Gray short-tailed opossum:v007"
"LRBaseDb for Macaca fascicularis (Crab-eating macaque, v007)","Correspondence table between Ligand Gene ID and Receptor ID for Macaca fascicularis (Crab-eating macaque)","3.19",NA,"CSV","https://github.com/rikenbit/lrbase-workflow","24-Feb-2024","Macaca fascicularis",9541,NA,"FANTOM5,DLRP,IUPHAR,HPRD,STRING,SWISSPROT,TREMBL,ENSEMBL,CELLPHONEDB,BADERLAB,SINGLECELLSIGNALR,HOMOLOGENE","Koki Tsuyuzaki <k.t.the-answer@hotmail.co.jp>","SQLiteFile","FilePath","AHLRBaseDbs/v007/LRBase.Mfa.eg.db.sqlite","LRBaseDb:LRBase:NCBI:Gene:NCBI Gene:FANTOM5:DLRP:IUPHAR:HPRD:STRING:UNIPROTKB:SWISSPROT:TREMBL:ENSEMBL:CELLPHONEDB:BADERLAB:SINGLECELLSIGNALR:BIOMART:HOMOLOGENE:Annotation:LRBase.Mfa.eg.db:Macaca fascicularis:Crab-eating macaque:v007"
"LRBaseDb for Meleagris gallopavo (Turkey, v007)","Correspondence table between Ligand Gene ID and Receptor ID for Meleagris gallopavo (Turkey)","3.19",NA,"CSV","https://github.com/rikenbit/lrbase-workflow","24-Feb-2024","Meleagris gallopavo",9103,NA,"FANTOM5,DLRP,IUPHAR,HPRD,STRING,SWISSPROT,TREMBL,ENSEMBL,CELLPHONEDB,BADERLAB,SINGLECELLSIGNALR,HOMOLOGENE","Koki Tsuyuzaki <k.t.the-answer@hotmail.co.jp>","SQLiteFile","FilePath","AHLRBaseDbs/v007/LRBase.Mga.eg.db.sqlite","LRBaseDb:LRBase:NCBI:Gene:NCBI Gene:FANTOM5:DLRP:IUPHAR:HPRD:STRING:UNIPROTKB:SWISSPROT:TREMBL:ENSEMBL:CELLPHONEDB:BADERLAB:SINGLECELLSIGNALR:BIOMART:HOMOLOGENE:Annotation:LRBase.Mga.eg.db:Meleagris gallopavo:Turkey:v007"
"LRBaseDb for Mandrillus leucophaeus (Drill, v007)","Correspondence table between Ligand Gene ID and Receptor ID for Mandrillus leucophaeus (Drill)","3.19",NA,"CSV","https://github.com/rikenbit/lrbase-workflow","24-Feb-2024","Mandrillus leucophaeus",9568,NA,"FANTOM5,DLRP,IUPHAR,HPRD,STRING,SWISSPROT,TREMBL,ENSEMBL,CELLPHONEDB,BADERLAB,SINGLECELLSIGNALR,HOMOLOGENE","Koki Tsuyuzaki <k.t.the-answer@hotmail.co.jp>","SQLiteFile","FilePath","AHLRBaseDbs/v007/LRBase.Mle.eg.db.sqlite","LRBaseDb:LRBase:NCBI:Gene:NCBI Gene:FANTOM5:DLRP:IUPHAR:HPRD:STRING:UNIPROTKB:SWISSPROT:TREMBL:ENSEMBL:CELLPHONEDB:BADERLAB:SINGLECELLSIGNALR:BIOMART:HOMOLOGENE:Annotation:LRBase.Mle.eg.db:Mandrillus leucophaeus:Drill:v007"
"LRBaseDb for Myripristis murdjan (Pinecone soldierfish, v007)","Correspondence table between Ligand Gene ID and Receptor ID for Myripristis murdjan (Pinecone soldierfish)","3.19",NA,"CSV","https://github.com/rikenbit/lrbase-workflow","24-Feb-2024","Myripristis murdjan",586833,NA,"FANTOM5,DLRP,IUPHAR,HPRD,STRING,SWISSPROT,TREMBL,ENSEMBL,CELLPHONEDB,BADERLAB,SINGLECELLSIGNALR,HOMOLOGENE","Koki Tsuyuzaki <k.t.the-answer@hotmail.co.jp>","SQLiteFile","FilePath","AHLRBaseDbs/v007/LRBase.Mmd.eg.db.sqlite","LRBaseDb:LRBase:NCBI:Gene:NCBI Gene:FANTOM5:DLRP:IUPHAR:HPRD:STRING:UNIPROTKB:SWISSPROT:TREMBL:ENSEMBL:CELLPHONEDB:BADERLAB:SINGLECELLSIGNALR:BIOMART:HOMOLOGENE:Annotation:LRBase.Mmd.eg.db:Myripristis murdjan:Pinecone soldierfish:v007"
"LRBaseDb for Macaca mulatta (Rhesus monkey, v007)","Correspondence table between Ligand Gene ID and Receptor ID for Macaca mulatta (Rhesus monkey)","3.19",NA,"CSV","https://github.com/rikenbit/lrbase-workflow","24-Feb-2024","Macaca mulatta",9544,NA,"FANTOM5,DLRP,IUPHAR,HPRD,STRING,SWISSPROT,TREMBL,ENSEMBL,CELLPHONEDB,BADERLAB,SINGLECELLSIGNALR,HOMOLOGENE","Koki Tsuyuzaki <k.t.the-answer@hotmail.co.jp>","SQLiteFile","FilePath","AHLRBaseDbs/v007/LRBase.Mml.eg.db.sqlite","LRBaseDb:LRBase:NCBI:Gene:NCBI Gene:FANTOM5:DLRP:IUPHAR:HPRD:STRING:UNIPROTKB:SWISSPROT:TREMBL:ENSEMBL:CELLPHONEDB:BADERLAB:SINGLECELLSIGNALR:BIOMART:HOMOLOGENE:Annotation:LRBase.Mml.eg.db:Macaca mulatta:Rhesus monkey:v007"
"LRBaseDb for Marmota marmota marmota (Alpine marmot, v007)","Correspondence table between Ligand Gene ID and Receptor ID for Marmota marmota marmota (Alpine marmot)","3.19",NA,"CSV","https://github.com/rikenbit/lrbase-workflow","24-Feb-2024","Marmota marmota marmota",9994,NA,"FANTOM5,DLRP,IUPHAR,HPRD,STRING,SWISSPROT,TREMBL,ENSEMBL,CELLPHONEDB,BADERLAB,SINGLECELLSIGNALR,HOMOLOGENE","Koki Tsuyuzaki <k.t.the-answer@hotmail.co.jp>","SQLiteFile","FilePath","AHLRBaseDbs/v007/LRBase.Mmm.eg.db.sqlite","LRBaseDb:LRBase:NCBI:Gene:NCBI Gene:FANTOM5:DLRP:IUPHAR:HPRD:STRING:UNIPROTKB:SWISSPROT:TREMBL:ENSEMBL:CELLPHONEDB:BADERLAB:SINGLECELLSIGNALR:BIOMART:HOMOLOGENE:Annotation:LRBase.Mmm.eg.db:Marmota marmota marmota:Alpine marmot:v007"
"LRBaseDb for Microcebus murinus (Mouse Lemur, v007)","Correspondence table between Ligand Gene ID and Receptor ID for Microcebus murinus (Mouse Lemur)","3.19",NA,"CSV","https://github.com/rikenbit/lrbase-workflow","24-Feb-2024","Microcebus murinus",30608,NA,"FANTOM5,DLRP,IUPHAR,HPRD,STRING,SWISSPROT,TREMBL,ENSEMBL,CELLPHONEDB,BADERLAB,SINGLECELLSIGNALR,HOMOLOGENE","Koki Tsuyuzaki <k.t.the-answer@hotmail.co.jp>","SQLiteFile","FilePath","AHLRBaseDbs/v007/LRBase.Mmr.eg.db.sqlite","LRBaseDb:LRBase:NCBI:Gene:NCBI Gene:FANTOM5:DLRP:IUPHAR:HPRD:STRING:UNIPROTKB:SWISSPROT:TREMBL:ENSEMBL:CELLPHONEDB:BADERLAB:SINGLECELLSIGNALR:BIOMART:HOMOLOGENE:Annotation:LRBase.Mmr.eg.db:Microcebus murinus:Mouse Lemur:v007"
"LRBaseDb for Mus musculus (Mouse, v007)","Correspondence table between Ligand Gene ID and Receptor ID for Mus musculus (Mouse)","3.19",NA,"CSV","https://github.com/rikenbit/lrbase-workflow","24-Feb-2024","Mus musculus",10090,NA,"FANTOM5,DLRP,IUPHAR,HPRD,STRING,SWISSPROT,TREMBL,ENSEMBL,CELLPHONEDB,BADERLAB,SINGLECELLSIGNALR,HOMOLOGENE","Koki Tsuyuzaki <k.t.the-answer@hotmail.co.jp>","SQLiteFile","FilePath","AHLRBaseDbs/v007/LRBase.Mmu.eg.db.sqlite","LRBaseDb:LRBase:NCBI:Gene:NCBI Gene:FANTOM5:DLRP:IUPHAR:HPRD:STRING:UNIPROTKB:SWISSPROT:TREMBL:ENSEMBL:CELLPHONEDB:BADERLAB:SINGLECELLSIGNALR:BIOMART:HOMOLOGENE:Annotation:LRBase.Mmu.eg.db:Mus musculus:Mouse:v007"
"LRBaseDb for Macaca nemestrina (Pig-tailed macaque, v007)","Correspondence table between Ligand Gene ID and Receptor ID for Macaca nemestrina (Pig-tailed macaque)","3.19",NA,"CSV","https://github.com/rikenbit/lrbase-workflow","24-Feb-2024","Macaca nemestrina",9545,NA,"FANTOM5,DLRP,IUPHAR,HPRD,STRING,SWISSPROT,TREMBL,ENSEMBL,CELLPHONEDB,BADERLAB,SINGLECELLSIGNALR,HOMOLOGENE","Koki Tsuyuzaki <k.t.the-answer@hotmail.co.jp>","SQLiteFile","FilePath","AHLRBaseDbs/v007/LRBase.Mne.eg.db.sqlite","LRBaseDb:LRBase:NCBI:Gene:NCBI Gene:FANTOM5:DLRP:IUPHAR:HPRD:STRING:UNIPROTKB:SWISSPROT:TREMBL:ENSEMBL:CELLPHONEDB:BADERLAB:SINGLECELLSIGNALR:BIOMART:HOMOLOGENE:Annotation:LRBase.Mne.eg.db:Macaca nemestrina:Pig-tailed macaque:v007"
"LRBaseDb for Microtus ochrogaster (Prairie vole, v007)","Correspondence table between Ligand Gene ID and Receptor ID for Microtus ochrogaster (Prairie vole)","3.19",NA,"CSV","https://github.com/rikenbit/lrbase-workflow","24-Feb-2024","Microtus ochrogaster",79684,NA,"FANTOM5,DLRP,IUPHAR,HPRD,STRING,SWISSPROT,TREMBL,ENSEMBL,CELLPHONEDB,BADERLAB,SINGLECELLSIGNALR,HOMOLOGENE","Koki Tsuyuzaki <k.t.the-answer@hotmail.co.jp>","SQLiteFile","FilePath","AHLRBaseDbs/v007/LRBase.Moc.eg.db.sqlite","LRBaseDb:LRBase:NCBI:Gene:NCBI Gene:FANTOM5:DLRP:IUPHAR:HPRD:STRING:UNIPROTKB:SWISSPROT:TREMBL:ENSEMBL:CELLPHONEDB:BADERLAB:SINGLECELLSIGNALR:BIOMART:HOMOLOGENE:Annotation:LRBase.Moc.eg.db:Microtus ochrogaster:Prairie vole:v007"
"LRBaseDb for Mus pahari (Shrew mouse, v007)","Correspondence table between Ligand Gene ID and Receptor ID for Mus pahari (Shrew mouse)","3.19",NA,"CSV","https://github.com/rikenbit/lrbase-workflow","24-Feb-2024","Mus pahari",10093,NA,"FANTOM5,DLRP,IUPHAR,HPRD,STRING,SWISSPROT,TREMBL,ENSEMBL,CELLPHONEDB,BADERLAB,SINGLECELLSIGNALR,HOMOLOGENE","Koki Tsuyuzaki <k.t.the-answer@hotmail.co.jp>","SQLiteFile","FilePath","AHLRBaseDbs/v007/LRBase.Mpa.eg.db.sqlite","LRBaseDb:LRBase:NCBI:Gene:NCBI Gene:FANTOM5:DLRP:IUPHAR:HPRD:STRING:UNIPROTKB:SWISSPROT:TREMBL:ENSEMBL:CELLPHONEDB:BADERLAB:SINGLECELLSIGNALR:BIOMART:HOMOLOGENE:Annotation:LRBase.Mpa.eg.db:Mus pahari:Shrew mouse:v007"
"LRBaseDb for Mustela putorius furo (Ferret, v007)","Correspondence table between Ligand Gene ID and Receptor ID for Mustela putorius furo (Ferret)","3.19",NA,"CSV","https://github.com/rikenbit/lrbase-workflow","24-Feb-2024","Mustela putorius furo",9669,NA,"FANTOM5,DLRP,IUPHAR,HPRD,STRING,SWISSPROT,TREMBL,ENSEMBL,CELLPHONEDB,BADERLAB,SINGLECELLSIGNALR,HOMOLOGENE","Koki Tsuyuzaki <k.t.the-answer@hotmail.co.jp>","SQLiteFile","FilePath","AHLRBaseDbs/v007/LRBase.Mpf.eg.db.sqlite","LRBaseDb:LRBase:NCBI:Gene:NCBI Gene:FANTOM5:DLRP:IUPHAR:HPRD:STRING:UNIPROTKB:SWISSPROT:TREMBL:ENSEMBL:CELLPHONEDB:BADERLAB:SINGLECELLSIGNALR:BIOMART:HOMOLOGENE:Annotation:LRBase.Mpf.eg.db:Mustela putorius furo:Ferret:v007"
"LRBaseDb for Maylandia zebra (Zebra mbuna, v007)","Correspondence table between Ligand Gene ID and Receptor ID for Maylandia zebra (Zebra mbuna)","3.19",NA,"CSV","https://github.com/rikenbit/lrbase-workflow","24-Feb-2024","Maylandia zebra",106582,NA,"FANTOM5,DLRP,IUPHAR,HPRD,STRING,SWISSPROT,TREMBL,ENSEMBL,CELLPHONEDB,BADERLAB,SINGLECELLSIGNALR,HOMOLOGENE","Koki Tsuyuzaki <k.t.the-answer@hotmail.co.jp>","SQLiteFile","FilePath","AHLRBaseDbs/v007/LRBase.Mze.eg.db.sqlite","LRBaseDb:LRBase:NCBI:Gene:NCBI Gene:FANTOM5:DLRP:IUPHAR:HPRD:STRING:UNIPROTKB:SWISSPROT:TREMBL:ENSEMBL:CELLPHONEDB:BADERLAB:SINGLECELLSIGNALR:BIOMART:HOMOLOGENE:Annotation:LRBase.Mze.eg.db:Maylandia zebra:Zebra mbuna:v007"
"LRBaseDb for Nannospalax galili (Upper Galilee mountains blind mole rat, v007)","Correspondence table between Ligand Gene ID and Receptor ID for Nannospalax galili (Upper Galilee mountains blind mole rat)","3.19",NA,"CSV","https://github.com/rikenbit/lrbase-workflow","24-Feb-2024","Nannospalax galili",1026970,NA,"FANTOM5,DLRP,IUPHAR,HPRD,STRING,SWISSPROT,TREMBL,ENSEMBL,CELLPHONEDB,BADERLAB,SINGLECELLSIGNALR,HOMOLOGENE","Koki Tsuyuzaki <k.t.the-answer@hotmail.co.jp>","SQLiteFile","FilePath","AHLRBaseDbs/v007/LRBase.Nga.eg.db.sqlite","LRBaseDb:LRBase:NCBI:Gene:NCBI Gene:FANTOM5:DLRP:IUPHAR:HPRD:STRING:UNIPROTKB:SWISSPROT:TREMBL:ENSEMBL:CELLPHONEDB:BADERLAB:SINGLECELLSIGNALR:BIOMART:HOMOLOGENE:Annotation:LRBase.Nga.eg.db:Nannospalax galili:Upper Galilee mountains blind mole rat:v007"
"LRBaseDb for Nomascus leucogenys (Northern white-cheeked gibbon, v007)","Correspondence table between Ligand Gene ID and Receptor ID for Nomascus leucogenys (Northern white-cheeked gibbon)","3.19",NA,"CSV","https://github.com/rikenbit/lrbase-workflow","24-Feb-2024","Nomascus leucogenys",61853,NA,"FANTOM5,DLRP,IUPHAR,HPRD,STRING,SWISSPROT,TREMBL,ENSEMBL,CELLPHONEDB,BADERLAB,SINGLECELLSIGNALR,HOMOLOGENE","Koki Tsuyuzaki <k.t.the-answer@hotmail.co.jp>","SQLiteFile","FilePath","AHLRBaseDbs/v007/LRBase.Nle.eg.db.sqlite","LRBaseDb:LRBase:NCBI:Gene:NCBI Gene:FANTOM5:DLRP:IUPHAR:HPRD:STRING:UNIPROTKB:SWISSPROT:TREMBL:ENSEMBL:CELLPHONEDB:BADERLAB:SINGLECELLSIGNALR:BIOMART:HOMOLOGENE:Annotation:LRBase.Nle.eg.db:Nomascus leucogenys:Northern white-cheeked gibbon:v007"
"LRBaseDb for Ornithorhynchus anatinus (Platypus, v007)","Correspondence table between Ligand Gene ID and Receptor ID for Ornithorhynchus anatinus (Platypus)","3.19",NA,"CSV","https://github.com/rikenbit/lrbase-workflow","24-Feb-2024","Ornithorhynchus anatinus",9258,NA,"FANTOM5,DLRP,IUPHAR,HPRD,STRING,SWISSPROT,TREMBL,ENSEMBL,CELLPHONEDB,BADERLAB,SINGLECELLSIGNALR,HOMOLOGENE","Koki Tsuyuzaki <k.t.the-answer@hotmail.co.jp>","SQLiteFile","FilePath","AHLRBaseDbs/v007/LRBase.Oan.eg.db.sqlite","LRBaseDb:LRBase:NCBI:Gene:NCBI Gene:FANTOM5:DLRP:IUPHAR:HPRD:STRING:UNIPROTKB:SWISSPROT:TREMBL:ENSEMBL:CELLPHONEDB:BADERLAB:SINGLECELLSIGNALR:BIOMART:HOMOLOGENE:Annotation:LRBase.Oan.eg.db:Ornithorhynchus anatinus:Platypus:v007"
"LRBaseDb for Oryctolagus cuniculus (Rabbit, v007)","Correspondence table between Ligand Gene ID and Receptor ID for Oryctolagus cuniculus (Rabbit)","3.19",NA,"CSV","https://github.com/rikenbit/lrbase-workflow","24-Feb-2024","Oryctolagus cuniculus",9986,NA,"FANTOM5,DLRP,IUPHAR,HPRD,STRING,SWISSPROT,TREMBL,ENSEMBL,CELLPHONEDB,BADERLAB,SINGLECELLSIGNALR,HOMOLOGENE","Koki Tsuyuzaki <k.t.the-answer@hotmail.co.jp>","SQLiteFile","FilePath","AHLRBaseDbs/v007/LRBase.Ocu.eg.db.sqlite","LRBaseDb:LRBase:NCBI:Gene:NCBI Gene:FANTOM5:DLRP:IUPHAR:HPRD:STRING:UNIPROTKB:SWISSPROT:TREMBL:ENSEMBL:CELLPHONEDB:BADERLAB:SINGLECELLSIGNALR:BIOMART:HOMOLOGENE:Annotation:LRBase.Ocu.eg.db:Oryctolagus cuniculus:Rabbit:v007"
"LRBaseDb for Octodon degus (Degu, v007)","Correspondence table between Ligand Gene ID and Receptor ID for Octodon degus (Degu)","3.19",NA,"CSV","https://github.com/rikenbit/lrbase-workflow","24-Feb-2024","Octodon degus",10160,NA,"FANTOM5,DLRP,IUPHAR,HPRD,STRING,SWISSPROT,TREMBL,ENSEMBL,CELLPHONEDB,BADERLAB,SINGLECELLSIGNALR,HOMOLOGENE","Koki Tsuyuzaki <k.t.the-answer@hotmail.co.jp>","SQLiteFile","FilePath","AHLRBaseDbs/v007/LRBase.Ode.eg.db.sqlite","LRBaseDb:LRBase:NCBI:Gene:NCBI Gene:FANTOM5:DLRP:IUPHAR:HPRD:STRING:UNIPROTKB:SWISSPROT:TREMBL:ENSEMBL:CELLPHONEDB:BADERLAB:SINGLECELLSIGNALR:BIOMART:HOMOLOGENE:Annotation:LRBase.Ode.eg.db:Octodon degus:Degu:v007"
"LRBaseDb for Oryzias melastigma (Indian medaka, v007)","Correspondence table between Ligand Gene ID and Receptor ID for Oryzias melastigma (Indian medaka)","3.19",NA,"CSV","https://github.com/rikenbit/lrbase-workflow","24-Feb-2024","Oryzias melastigma",30732,NA,"FANTOM5,DLRP,IUPHAR,HPRD,STRING,SWISSPROT,TREMBL,ENSEMBL,CELLPHONEDB,BADERLAB,SINGLECELLSIGNALR,HOMOLOGENE","Koki Tsuyuzaki <k.t.the-answer@hotmail.co.jp>","SQLiteFile","FilePath","AHLRBaseDbs/v007/LRBase.Ome.eg.db.sqlite","LRBaseDb:LRBase:NCBI:Gene:NCBI Gene:FANTOM5:DLRP:IUPHAR:HPRD:STRING:UNIPROTKB:SWISSPROT:TREMBL:ENSEMBL:CELLPHONEDB:BADERLAB:SINGLECELLSIGNALR:BIOMART:HOMOLOGENE:Annotation:LRBase.Ome.eg.db:Oryzias melastigma:Indian medaka:v007"
"LRBaseDb for Oreochromis niloticus (Nile tilapia, v007)","Correspondence table between Ligand Gene ID and Receptor ID for Oreochromis niloticus (Nile tilapia)","3.19",NA,"CSV","https://github.com/rikenbit/lrbase-workflow","24-Feb-2024","Oreochromis niloticus",8128,NA,"FANTOM5,DLRP,IUPHAR,HPRD,STRING,SWISSPROT,TREMBL,ENSEMBL,CELLPHONEDB,BADERLAB,SINGLECELLSIGNALR,HOMOLOGENE","Koki Tsuyuzaki <k.t.the-answer@hotmail.co.jp>","SQLiteFile","FilePath","AHLRBaseDbs/v007/LRBase.Oni.eg.db.sqlite","LRBaseDb:LRBase:NCBI:Gene:NCBI Gene:FANTOM5:DLRP:IUPHAR:HPRD:STRING:UNIPROTKB:SWISSPROT:TREMBL:ENSEMBL:CELLPHONEDB:BADERLAB:SINGLECELLSIGNALR:BIOMART:HOMOLOGENE:Annotation:LRBase.Oni.eg.db:Oreochromis niloticus:Nile tilapia:v007"
"LRBaseDb for Ochotona princeps (Pika, v007)","Correspondence table between Ligand Gene ID and Receptor ID for Ochotona princeps (Pika)","3.19",NA,"CSV","https://github.com/rikenbit/lrbase-workflow","24-Feb-2024","Ochotona princeps",9978,NA,"FANTOM5,DLRP,IUPHAR,HPRD,STRING,SWISSPROT,TREMBL,ENSEMBL,CELLPHONEDB,BADERLAB,SINGLECELLSIGNALR,HOMOLOGENE","Koki Tsuyuzaki <k.t.the-answer@hotmail.co.jp>","SQLiteFile","FilePath","AHLRBaseDbs/v007/LRBase.Opr.eg.db.sqlite","LRBaseDb:LRBase:NCBI:Gene:NCBI Gene:FANTOM5:DLRP:IUPHAR:HPRD:STRING:UNIPROTKB:SWISSPROT:TREMBL:ENSEMBL:CELLPHONEDB:BADERLAB:SINGLECELLSIGNALR:BIOMART:HOMOLOGENE:Annotation:LRBase.Opr.eg.db:Ochotona princeps:Pika:v007"
"LRBaseDb for Pongo abelii (Orangutan, v007)","Correspondence table between Ligand Gene ID and Receptor ID for Pongo abelii (Orangutan)","3.19",NA,"CSV","https://github.com/rikenbit/lrbase-workflow","24-Feb-2024","Pongo abelii",9601,NA,"FANTOM5,DLRP,IUPHAR,HPRD,STRING,SWISSPROT,TREMBL,ENSEMBL,CELLPHONEDB,BADERLAB,SINGLECELLSIGNALR,HOMOLOGENE","Koki Tsuyuzaki <k.t.the-answer@hotmail.co.jp>","SQLiteFile","FilePath","AHLRBaseDbs/v007/LRBase.Pab.eg.db.sqlite","LRBaseDb:LRBase:NCBI:Gene:NCBI Gene:FANTOM5:DLRP:IUPHAR:HPRD:STRING:UNIPROTKB:SWISSPROT:TREMBL:ENSEMBL:CELLPHONEDB:BADERLAB:SINGLECELLSIGNALR:BIOMART:HOMOLOGENE:Annotation:LRBase.Pab.eg.db:Pongo abelii:Orangutan:v007"
"LRBaseDb for Papio anubis (Olive baboon, v007)","Correspondence table between Ligand Gene ID and Receptor ID for Papio anubis (Olive baboon)","3.19",NA,"CSV","https://github.com/rikenbit/lrbase-workflow","24-Feb-2024","Papio anubis",9555,NA,"FANTOM5,DLRP,IUPHAR,HPRD,STRING,SWISSPROT,TREMBL,ENSEMBL,CELLPHONEDB,BADERLAB,SINGLECELLSIGNALR,HOMOLOGENE","Koki Tsuyuzaki <k.t.the-answer@hotmail.co.jp>","SQLiteFile","FilePath","AHLRBaseDbs/v007/LRBase.Pan.eg.db.sqlite","LRBaseDb:LRBase:NCBI:Gene:NCBI Gene:FANTOM5:DLRP:IUPHAR:HPRD:STRING:UNIPROTKB:SWISSPROT:TREMBL:ENSEMBL:CELLPHONEDB:BADERLAB:SINGLECELLSIGNALR:BIOMART:HOMOLOGENE:Annotation:LRBase.Pan.eg.db:Papio anubis:Olive baboon:v007"
"LRBaseDb for Propithecus coquereli (Coquerel's sifaka, v007)","Correspondence table between Ligand Gene ID and Receptor ID for Propithecus coquereli (Coquerel's sifaka)","3.19",NA,"CSV","https://github.com/rikenbit/lrbase-workflow","24-Feb-2024","Propithecus coquereli",379532,NA,"FANTOM5,DLRP,IUPHAR,HPRD,STRING,SWISSPROT,TREMBL,ENSEMBL,CELLPHONEDB,BADERLAB,SINGLECELLSIGNALR,HOMOLOGENE","Koki Tsuyuzaki <k.t.the-answer@hotmail.co.jp>","SQLiteFile","FilePath","AHLRBaseDbs/v007/LRBase.Pco.eg.db.sqlite","LRBaseDb:LRBase:NCBI:Gene:NCBI Gene:FANTOM5:DLRP:IUPHAR:HPRD:STRING:UNIPROTKB:SWISSPROT:TREMBL:ENSEMBL:CELLPHONEDB:BADERLAB:SINGLECELLSIGNALR:BIOMART:HOMOLOGENE:Annotation:LRBase.Pco.eg.db:Propithecus coquereli:Coquerel's sifaka:v007"
"LRBaseDb for Poecilia formosa (Amazon molly, v007)","Correspondence table between Ligand Gene ID and Receptor ID for Poecilia formosa (Amazon molly)","3.19",NA,"CSV","https://github.com/rikenbit/lrbase-workflow","24-Feb-2024","Poecilia formosa",48698,NA,"FANTOM5,DLRP,IUPHAR,HPRD,STRING,SWISSPROT,TREMBL,ENSEMBL,CELLPHONEDB,BADERLAB,SINGLECELLSIGNALR,HOMOLOGENE","Koki Tsuyuzaki <k.t.the-answer@hotmail.co.jp>","SQLiteFile","FilePath","AHLRBaseDbs/v007/LRBase.Pfo.eg.db.sqlite","LRBaseDb:LRBase:NCBI:Gene:NCBI Gene:FANTOM5:DLRP:IUPHAR:HPRD:STRING:UNIPROTKB:SWISSPROT:TREMBL:ENSEMBL:CELLPHONEDB:BADERLAB:SINGLECELLSIGNALR:BIOMART:HOMOLOGENE:Annotation:LRBase.Pfo.eg.db:Poecilia formosa:Amazon molly:v007"
"LRBaseDb for Poecilia latipinna (Sailfin molly, v007)","Correspondence table between Ligand Gene ID and Receptor ID for Poecilia latipinna (Sailfin molly)","3.19",NA,"CSV","https://github.com/rikenbit/lrbase-workflow","24-Feb-2024","Poecilia latipinna",48699,NA,"FANTOM5,DLRP,IUPHAR,HPRD,STRING,SWISSPROT,TREMBL,ENSEMBL,CELLPHONEDB,BADERLAB,SINGLECELLSIGNALR,HOMOLOGENE","Koki Tsuyuzaki <k.t.the-answer@hotmail.co.jp>","SQLiteFile","FilePath","AHLRBaseDbs/v007/LRBase.Pla.eg.db.sqlite","LRBaseDb:LRBase:NCBI:Gene:NCBI Gene:FANTOM5:DLRP:IUPHAR:HPRD:STRING:UNIPROTKB:SWISSPROT:TREMBL:ENSEMBL:CELLPHONEDB:BADERLAB:SINGLECELLSIGNALR:BIOMART:HOMOLOGENE:Annotation:LRBase.Pla.eg.db:Poecilia latipinna:Sailfin molly:v007"
"LRBaseDb for Peromyscus maniculatus bairdii (Northern American deer mouse, v007)","Correspondence table between Ligand Gene ID and Receptor ID for Peromyscus maniculatus bairdii (Northern American deer mouse)","3.19",NA,"CSV","https://github.com/rikenbit/lrbase-workflow","24-Feb-2024","Peromyscus maniculatus bairdii",230844,NA,"FANTOM5,DLRP,IUPHAR,HPRD,STRING,SWISSPROT,TREMBL,ENSEMBL,CELLPHONEDB,BADERLAB,SINGLECELLSIGNALR,HOMOLOGENE","Koki Tsuyuzaki <k.t.the-answer@hotmail.co.jp>","SQLiteFile","FilePath","AHLRBaseDbs/v007/LRBase.Pmb.eg.db.sqlite","LRBaseDb:LRBase:NCBI:Gene:NCBI Gene:FANTOM5:DLRP:IUPHAR:HPRD:STRING:UNIPROTKB:SWISSPROT:TREMBL:ENSEMBL:CELLPHONEDB:BADERLAB:SINGLECELLSIGNALR:BIOMART:HOMOLOGENE:Annotation:LRBase.Pmb.eg.db:Peromyscus maniculatus bairdii:Northern American deer mouse:v007"
"LRBaseDb for Pygocentrus nattereri (Red-bellied piranha, v007)","Correspondence table between Ligand Gene ID and Receptor ID for Pygocentrus nattereri (Red-bellied piranha)","3.19",NA,"CSV","https://github.com/rikenbit/lrbase-workflow","24-Feb-2024","Pygocentrus nattereri",42514,NA,"FANTOM5,DLRP,IUPHAR,HPRD,STRING,SWISSPROT,TREMBL,ENSEMBL,CELLPHONEDB,BADERLAB,SINGLECELLSIGNALR,HOMOLOGENE","Koki Tsuyuzaki <k.t.the-answer@hotmail.co.jp>","SQLiteFile","FilePath","AHLRBaseDbs/v007/LRBase.Pna.eg.db.sqlite","LRBaseDb:LRBase:NCBI:Gene:NCBI Gene:FANTOM5:DLRP:IUPHAR:HPRD:STRING:UNIPROTKB:SWISSPROT:TREMBL:ENSEMBL:CELLPHONEDB:BADERLAB:SINGLECELLSIGNALR:BIOMART:HOMOLOGENE:Annotation:LRBase.Pna.eg.db:Pygocentrus nattereri:Red-bellied piranha:v007"
"LRBaseDb for Pundamilia nyererei (Makobe Island cichlid, v007)","Correspondence table between Ligand Gene ID and Receptor ID for Pundamilia nyererei (Makobe Island cichlid)","3.19",NA,"CSV","https://github.com/rikenbit/lrbase-workflow","24-Feb-2024","Pundamilia nyererei",303518,NA,"FANTOM5,DLRP,IUPHAR,HPRD,STRING,SWISSPROT,TREMBL,ENSEMBL,CELLPHONEDB,BADERLAB,SINGLECELLSIGNALR,HOMOLOGENE","Koki Tsuyuzaki <k.t.the-answer@hotmail.co.jp>","SQLiteFile","FilePath","AHLRBaseDbs/v007/LRBase.Pny.eg.db.sqlite","LRBaseDb:LRBase:NCBI:Gene:NCBI Gene:FANTOM5:DLRP:IUPHAR:HPRD:STRING:UNIPROTKB:SWISSPROT:TREMBL:ENSEMBL:CELLPHONEDB:BADERLAB:SINGLECELLSIGNALR:BIOMART:HOMOLOGENE:Annotation:LRBase.Pny.eg.db:Pundamilia nyererei:Makobe Island cichlid:v007"
"LRBaseDb for Pan paniscus (Bonobo, v007)","Correspondence table between Ligand Gene ID and Receptor ID for Pan paniscus (Bonobo)","3.19",NA,"CSV","https://github.com/rikenbit/lrbase-workflow","24-Feb-2024","Pan paniscus",9597,NA,"FANTOM5,DLRP,IUPHAR,HPRD,STRING,SWISSPROT,TREMBL,ENSEMBL,CELLPHONEDB,BADERLAB,SINGLECELLSIGNALR,HOMOLOGENE","Koki Tsuyuzaki <k.t.the-answer@hotmail.co.jp>","SQLiteFile","FilePath","AHLRBaseDbs/v007/LRBase.Ppa.eg.db.sqlite","LRBaseDb:LRBase:NCBI:Gene:NCBI Gene:FANTOM5:DLRP:IUPHAR:HPRD:STRING:UNIPROTKB:SWISSPROT:TREMBL:ENSEMBL:CELLPHONEDB:BADERLAB:SINGLECELLSIGNALR:BIOMART:HOMOLOGENE:Annotation:LRBase.Ppa.eg.db:Pan paniscus:Bonobo:v007"
"LRBaseDb for Panthera pardus (Leopard, v007)","Correspondence table between Ligand Gene ID and Receptor ID for Panthera pardus (Leopard)","3.19",NA,"CSV","https://github.com/rikenbit/lrbase-workflow","24-Feb-2024","Panthera pardus",9691,NA,"FANTOM5,DLRP,IUPHAR,HPRD,STRING,SWISSPROT,TREMBL,ENSEMBL,CELLPHONEDB,BADERLAB,SINGLECELLSIGNALR,HOMOLOGENE","Koki Tsuyuzaki <k.t.the-answer@hotmail.co.jp>","SQLiteFile","FilePath","AHLRBaseDbs/v007/LRBase.Ppr.eg.db.sqlite","LRBaseDb:LRBase:NCBI:Gene:NCBI Gene:FANTOM5:DLRP:IUPHAR:HPRD:STRING:UNIPROTKB:SWISSPROT:TREMBL:ENSEMBL:CELLPHONEDB:BADERLAB:SINGLECELLSIGNALR:BIOMART:HOMOLOGENE:Annotation:LRBase.Ppr.eg.db:Panthera pardus:Leopard:v007"
"LRBaseDb for Poecilia reticulata (Guppy, v007)","Correspondence table between Ligand Gene ID and Receptor ID for Poecilia reticulata (Guppy)","3.19",NA,"CSV","https://github.com/rikenbit/lrbase-workflow","24-Feb-2024","Poecilia reticulata",8081,NA,"FANTOM5,DLRP,IUPHAR,HPRD,STRING,SWISSPROT,TREMBL,ENSEMBL,CELLPHONEDB,BADERLAB,SINGLECELLSIGNALR,HOMOLOGENE","Koki Tsuyuzaki <k.t.the-answer@hotmail.co.jp>","SQLiteFile","FilePath","AHLRBaseDbs/v007/LRBase.Pre.eg.db.sqlite","LRBaseDb:LRBase:NCBI:Gene:NCBI Gene:FANTOM5:DLRP:IUPHAR:HPRD:STRING:UNIPROTKB:SWISSPROT:TREMBL:ENSEMBL:CELLPHONEDB:BADERLAB:SINGLECELLSIGNALR:BIOMART:HOMOLOGENE:Annotation:LRBase.Pre.eg.db:Poecilia reticulata:Guppy:v007"
"LRBaseDb for Pelodiscus sinensis (Chinese softshell turtle, v007)","Correspondence table between Ligand Gene ID and Receptor ID for Pelodiscus sinensis (Chinese softshell turtle)","3.19",NA,"CSV","https://github.com/rikenbit/lrbase-workflow","24-Feb-2024","Pelodiscus sinensis",13735,NA,"FANTOM5,DLRP,IUPHAR,HPRD,STRING,SWISSPROT,TREMBL,ENSEMBL,CELLPHONEDB,BADERLAB,SINGLECELLSIGNALR,HOMOLOGENE","Koki Tsuyuzaki <k.t.the-answer@hotmail.co.jp>","SQLiteFile","FilePath","AHLRBaseDbs/v007/LRBase.Psi.eg.db.sqlite","LRBaseDb:LRBase:NCBI:Gene:NCBI Gene:FANTOM5:DLRP:IUPHAR:HPRD:STRING:UNIPROTKB:SWISSPROT:TREMBL:ENSEMBL:CELLPHONEDB:BADERLAB:SINGLECELLSIGNALR:BIOMART:HOMOLOGENE:Annotation:LRBase.Psi.eg.db:Pelodiscus sinensis:Chinese softshell turtle:v007"
"LRBaseDb for Pan troglodytes (Chimpanzee, v007)","Correspondence table between Ligand Gene ID and Receptor ID for Pan troglodytes (Chimpanzee)","3.19",NA,"CSV","https://github.com/rikenbit/lrbase-workflow","24-Feb-2024","Pan troglodytes",9598,NA,"FANTOM5,DLRP,IUPHAR,HPRD,STRING,SWISSPROT,TREMBL,ENSEMBL,CELLPHONEDB,BADERLAB,SINGLECELLSIGNALR,HOMOLOGENE","Koki Tsuyuzaki <k.t.the-answer@hotmail.co.jp>","SQLiteFile","FilePath","AHLRBaseDbs/v007/LRBase.Pto.eg.db.sqlite","LRBaseDb:LRBase:NCBI:Gene:NCBI Gene:FANTOM5:DLRP:IUPHAR:HPRD:STRING:UNIPROTKB:SWISSPROT:TREMBL:ENSEMBL:CELLPHONEDB:BADERLAB:SINGLECELLSIGNALR:BIOMART:HOMOLOGENE:Annotation:LRBase.Pto.eg.db:Pan troglodytes:Chimpanzee:v007"
"LRBaseDb for Rhinopithecus bieti (Black snub-nosed monkey, v007)","Correspondence table between Ligand Gene ID and Receptor ID for Rhinopithecus bieti (Black snub-nosed monkey)","3.19",NA,"CSV","https://github.com/rikenbit/lrbase-workflow","24-Feb-2024","Rhinopithecus bieti",61621,NA,"FANTOM5,DLRP,IUPHAR,HPRD,STRING,SWISSPROT,TREMBL,ENSEMBL,CELLPHONEDB,BADERLAB,SINGLECELLSIGNALR,HOMOLOGENE","Koki Tsuyuzaki <k.t.the-answer@hotmail.co.jp>","SQLiteFile","FilePath","AHLRBaseDbs/v007/LRBase.Rbi.eg.db.sqlite","LRBaseDb:LRBase:NCBI:Gene:NCBI Gene:FANTOM5:DLRP:IUPHAR:HPRD:STRING:UNIPROTKB:SWISSPROT:TREMBL:ENSEMBL:CELLPHONEDB:BADERLAB:SINGLECELLSIGNALR:BIOMART:HOMOLOGENE:Annotation:LRBase.Rbi.eg.db:Rhinopithecus bieti:Black snub-nosed monkey:v007"
"LRBaseDb for Rattus norvegicus (Rat, v007)","Correspondence table between Ligand Gene ID and Receptor ID for Rattus norvegicus (Rat)","3.19",NA,"CSV","https://github.com/rikenbit/lrbase-workflow","24-Feb-2024","Rattus norvegicus",10116,NA,"FANTOM5,DLRP,IUPHAR,HPRD,STRING,SWISSPROT,TREMBL,ENSEMBL,CELLPHONEDB,BADERLAB,SINGLECELLSIGNALR,HOMOLOGENE","Koki Tsuyuzaki <k.t.the-answer@hotmail.co.jp>","SQLiteFile","FilePath","AHLRBaseDbs/v007/LRBase.Rno.eg.db.sqlite","LRBaseDb:LRBase:NCBI:Gene:NCBI Gene:FANTOM5:DLRP:IUPHAR:HPRD:STRING:UNIPROTKB:SWISSPROT:TREMBL:ENSEMBL:CELLPHONEDB:BADERLAB:SINGLECELLSIGNALR:BIOMART:HOMOLOGENE:Annotation:LRBase.Rno.eg.db:Rattus norvegicus:Rat:v007"
"LRBaseDb for Rhinopithecus roxellana (Golden snub-nosed monkey, v007)","Correspondence table between Ligand Gene ID and Receptor ID for Rhinopithecus roxellana (Golden snub-nosed monkey)","3.19",NA,"CSV","https://github.com/rikenbit/lrbase-workflow","24-Feb-2024","Rhinopithecus roxellana",61622,NA,"FANTOM5,DLRP,IUPHAR,HPRD,STRING,SWISSPROT,TREMBL,ENSEMBL,CELLPHONEDB,BADERLAB,SINGLECELLSIGNALR,HOMOLOGENE","Koki Tsuyuzaki <k.t.the-answer@hotmail.co.jp>","SQLiteFile","FilePath","AHLRBaseDbs/v007/LRBase.Rro.eg.db.sqlite","LRBaseDb:LRBase:NCBI:Gene:NCBI Gene:FANTOM5:DLRP:IUPHAR:HPRD:STRING:UNIPROTKB:SWISSPROT:TREMBL:ENSEMBL:CELLPHONEDB:BADERLAB:SINGLECELLSIGNALR:BIOMART:HOMOLOGENE:Annotation:LRBase.Rro.eg.db:Rhinopithecus roxellana:Golden snub-nosed monkey:v007"
"LRBaseDb for Sparus aurata (Gilthead seabream, v007)","Correspondence table between Ligand Gene ID and Receptor ID for Sparus aurata (Gilthead seabream)","3.19",NA,"CSV","https://github.com/rikenbit/lrbase-workflow","24-Feb-2024","Sparus aurata",8175,NA,"FANTOM5,DLRP,IUPHAR,HPRD,STRING,SWISSPROT,TREMBL,ENSEMBL,CELLPHONEDB,BADERLAB,SINGLECELLSIGNALR,HOMOLOGENE","Koki Tsuyuzaki <k.t.the-answer@hotmail.co.jp>","SQLiteFile","FilePath","AHLRBaseDbs/v007/LRBase.Sau.eg.db.sqlite","LRBaseDb:LRBase:NCBI:Gene:NCBI Gene:FANTOM5:DLRP:IUPHAR:HPRD:STRING:UNIPROTKB:SWISSPROT:TREMBL:ENSEMBL:CELLPHONEDB:BADERLAB:SINGLECELLSIGNALR:BIOMART:HOMOLOGENE:Annotation:LRBase.Sau.eg.db:Sparus aurata:Gilthead seabream:v007"
"LRBaseDb for Serinus canaria (Common canary, v007)","Correspondence table between Ligand Gene ID and Receptor ID for Serinus canaria (Common canary)","3.19",NA,"CSV","https://github.com/rikenbit/lrbase-workflow","24-Feb-2024","Serinus canaria",9135,NA,"FANTOM5,DLRP,IUPHAR,HPRD,STRING,SWISSPROT,TREMBL,ENSEMBL,CELLPHONEDB,BADERLAB,SINGLECELLSIGNALR,HOMOLOGENE","Koki Tsuyuzaki <k.t.the-answer@hotmail.co.jp>","SQLiteFile","FilePath","AHLRBaseDbs/v007/LRBase.Sca.eg.db.sqlite","LRBaseDb:LRBase:NCBI:Gene:NCBI Gene:FANTOM5:DLRP:IUPHAR:HPRD:STRING:UNIPROTKB:SWISSPROT:TREMBL:ENSEMBL:CELLPHONEDB:BADERLAB:SINGLECELLSIGNALR:BIOMART:HOMOLOGENE:Annotation:LRBase.Sca.eg.db:Serinus canaria:Common canary:v007"
"LRBaseDb for Seriola dumerili (Greater amberjack, v007)","Correspondence table between Ligand Gene ID and Receptor ID for Seriola dumerili (Greater amberjack)","3.19",NA,"CSV","https://github.com/rikenbit/lrbase-workflow","24-Feb-2024","Seriola dumerili",41447,NA,"FANTOM5,DLRP,IUPHAR,HPRD,STRING,SWISSPROT,TREMBL,ENSEMBL,CELLPHONEDB,BADERLAB,SINGLECELLSIGNALR,HOMOLOGENE","Koki Tsuyuzaki <k.t.the-answer@hotmail.co.jp>","SQLiteFile","FilePath","AHLRBaseDbs/v007/LRBase.Sdu.eg.db.sqlite","LRBaseDb:LRBase:NCBI:Gene:NCBI Gene:FANTOM5:DLRP:IUPHAR:HPRD:STRING:UNIPROTKB:SWISSPROT:TREMBL:ENSEMBL:CELLPHONEDB:BADERLAB:SINGLECELLSIGNALR:BIOMART:HOMOLOGENE:Annotation:LRBase.Sdu.eg.db:Seriola dumerili:Greater amberjack:v007"
"LRBaseDb for Scleropages formosus (Asian bonytongue, v007)","Correspondence table between Ligand Gene ID and Receptor ID for Scleropages formosus (Asian bonytongue)","3.19",NA,"CSV","https://github.com/rikenbit/lrbase-workflow","24-Feb-2024","Scleropages formosus",113540,NA,"FANTOM5,DLRP,IUPHAR,HPRD,STRING,SWISSPROT,TREMBL,ENSEMBL,CELLPHONEDB,BADERLAB,SINGLECELLSIGNALR,HOMOLOGENE","Koki Tsuyuzaki <k.t.the-answer@hotmail.co.jp>","SQLiteFile","FilePath","AHLRBaseDbs/v007/LRBase.Sfo.eg.db.sqlite","LRBaseDb:LRBase:NCBI:Gene:NCBI Gene:FANTOM5:DLRP:IUPHAR:HPRD:STRING:UNIPROTKB:SWISSPROT:TREMBL:ENSEMBL:CELLPHONEDB:BADERLAB:SINGLECELLSIGNALR:BIOMART:HOMOLOGENE:Annotation:LRBase.Sfo.eg.db:Scleropages formosus:Asian bonytongue:v007"
"LRBaseDb for Sarcophilus harrisii (Tasmanian devil, v007)","Correspondence table between Ligand Gene ID and Receptor ID for Sarcophilus harrisii (Tasmanian devil)","3.19",NA,"CSV","https://github.com/rikenbit/lrbase-workflow","24-Feb-2024","Sarcophilus harrisii",9305,NA,"FANTOM5,DLRP,IUPHAR,HPRD,STRING,SWISSPROT,TREMBL,ENSEMBL,CELLPHONEDB,BADERLAB,SINGLECELLSIGNALR,HOMOLOGENE","Koki Tsuyuzaki <k.t.the-answer@hotmail.co.jp>","SQLiteFile","FilePath","AHLRBaseDbs/v007/LRBase.Sha.eg.db.sqlite","LRBaseDb:LRBase:NCBI:Gene:NCBI Gene:FANTOM5:DLRP:IUPHAR:HPRD:STRING:UNIPROTKB:SWISSPROT:TREMBL:ENSEMBL:CELLPHONEDB:BADERLAB:SINGLECELLSIGNALR:BIOMART:HOMOLOGENE:Annotation:LRBase.Sha.eg.db:Sarcophilus harrisii:Tasmanian devil:v007"
"LRBaseDb for Strigops habroptila (Kakapo, v007)","Correspondence table between Ligand Gene ID and Receptor ID for Strigops habroptila (Kakapo)","3.19",NA,"CSV","https://github.com/rikenbit/lrbase-workflow","24-Feb-2024","Strigops habroptila",2489341,NA,"FANTOM5,DLRP,IUPHAR,HPRD,STRING,SWISSPROT,TREMBL,ENSEMBL,CELLPHONEDB,BADERLAB,SINGLECELLSIGNALR,HOMOLOGENE","Koki Tsuyuzaki <k.t.the-answer@hotmail.co.jp>","SQLiteFile","FilePath","AHLRBaseDbs/v007/LRBase.Shb.eg.db.sqlite","LRBaseDb:LRBase:NCBI:Gene:NCBI Gene:FANTOM5:DLRP:IUPHAR:HPRD:STRING:UNIPROTKB:SWISSPROT:TREMBL:ENSEMBL:CELLPHONEDB:BADERLAB:SINGLECELLSIGNALR:BIOMART:HOMOLOGENE:Annotation:LRBase.Shb.eg.db:Strigops habroptila:Kakapo:v007"
"LRBaseDb for Seriola lalandi dorsalis (Yellowtail amberjack, v007)","Correspondence table between Ligand Gene ID and Receptor ID for Seriola lalandi dorsalis (Yellowtail amberjack)","3.19",NA,"CSV","https://github.com/rikenbit/lrbase-workflow","24-Feb-2024","Seriola lalandi dorsalis",1841481,NA,"FANTOM5,DLRP,IUPHAR,HPRD,STRING,SWISSPROT,TREMBL,ENSEMBL,CELLPHONEDB,BADERLAB,SINGLECELLSIGNALR,HOMOLOGENE","Koki Tsuyuzaki <k.t.the-answer@hotmail.co.jp>","SQLiteFile","FilePath","AHLRBaseDbs/v007/LRBase.Sld.eg.db.sqlite","LRBaseDb:LRBase:NCBI:Gene:NCBI Gene:FANTOM5:DLRP:IUPHAR:HPRD:STRING:UNIPROTKB:SWISSPROT:TREMBL:ENSEMBL:CELLPHONEDB:BADERLAB:SINGLECELLSIGNALR:BIOMART:HOMOLOGENE:Annotation:LRBase.Sld.eg.db:Seriola lalandi dorsalis:Yellowtail amberjack:v007"
"LRBaseDb for Strongylocentrotus purpuratus (Purple sea urchin, v007)","Correspondence table between Ligand Gene ID and Receptor ID for Strongylocentrotus purpuratus (Purple sea urchin)","3.19",NA,"CSV","https://github.com/rikenbit/lrbase-workflow","24-Feb-2024","Strongylocentrotus purpuratus",7668,NA,"FANTOM5,DLRP,IUPHAR,HPRD,STRING,SWISSPROT,TREMBL,ENSEMBL,CELLPHONEDB,BADERLAB,SINGLECELLSIGNALR,HOMOLOGENE","Koki Tsuyuzaki <k.t.the-answer@hotmail.co.jp>","SQLiteFile","FilePath","AHLRBaseDbs/v007/LRBase.Spu.eg.db.sqlite","LRBaseDb:LRBase:NCBI:Gene:NCBI Gene:FANTOM5:DLRP:IUPHAR:HPRD:STRING:UNIPROTKB:SWISSPROT:TREMBL:ENSEMBL:CELLPHONEDB:BADERLAB:SINGLECELLSIGNALR:BIOMART:HOMOLOGENE:Annotation:LRBase.Spu.eg.db:Strongylocentrotus purpuratus:Purple sea urchin:v007"
"LRBaseDb for Salmo salar (Atlantic salmon, v007)","Correspondence table between Ligand Gene ID and Receptor ID for Salmo salar (Atlantic salmon)","3.19",NA,"CSV","https://github.com/rikenbit/lrbase-workflow","24-Feb-2024","Salmo salar",8030,NA,"FANTOM5,DLRP,IUPHAR,HPRD,STRING,SWISSPROT,TREMBL,ENSEMBL,CELLPHONEDB,BADERLAB,SINGLECELLSIGNALR,HOMOLOGENE","Koki Tsuyuzaki <k.t.the-answer@hotmail.co.jp>","SQLiteFile","FilePath","AHLRBaseDbs/v007/LRBase.Ssa.eg.db.sqlite","LRBaseDb:LRBase:NCBI:Gene:NCBI Gene:FANTOM5:DLRP:IUPHAR:HPRD:STRING:UNIPROTKB:SWISSPROT:TREMBL:ENSEMBL:CELLPHONEDB:BADERLAB:SINGLECELLSIGNALR:BIOMART:HOMOLOGENE:Annotation:LRBase.Ssa.eg.db:Salmo salar:Atlantic salmon:v007"
"LRBaseDb for Sus scrofa (Pig, v007)","Correspondence table between Ligand Gene ID and Receptor ID for Sus scrofa (Pig)","3.19",NA,"CSV","https://github.com/rikenbit/lrbase-workflow","24-Feb-2024","Sus scrofa",9823,NA,"FANTOM5,DLRP,IUPHAR,HPRD,STRING,SWISSPROT,TREMBL,ENSEMBL,CELLPHONEDB,BADERLAB,SINGLECELLSIGNALR,HOMOLOGENE","Koki Tsuyuzaki <k.t.the-answer@hotmail.co.jp>","SQLiteFile","FilePath","AHLRBaseDbs/v007/LRBase.Ssc.eg.db.sqlite","LRBaseDb:LRBase:NCBI:Gene:NCBI Gene:FANTOM5:DLRP:IUPHAR:HPRD:STRING:UNIPROTKB:SWISSPROT:TREMBL:ENSEMBL:CELLPHONEDB:BADERLAB:SINGLECELLSIGNALR:BIOMART:HOMOLOGENE:Annotation:LRBase.Ssc.eg.db:Sus scrofa:Pig:v007"
"LRBaseDb for Taeniopygia guttata (Zebra finch, v007)","Correspondence table between Ligand Gene ID and Receptor ID for Taeniopygia guttata (Zebra finch)","3.19",NA,"CSV","https://github.com/rikenbit/lrbase-workflow","24-Feb-2024","Taeniopygia guttata",59729,NA,"FANTOM5,DLRP,IUPHAR,HPRD,STRING,SWISSPROT,TREMBL,ENSEMBL,CELLPHONEDB,BADERLAB,SINGLECELLSIGNALR,HOMOLOGENE","Koki Tsuyuzaki <k.t.the-answer@hotmail.co.jp>","SQLiteFile","FilePath","AHLRBaseDbs/v007/LRBase.Tgu.eg.db.sqlite","LRBaseDb:LRBase:NCBI:Gene:NCBI Gene:FANTOM5:DLRP:IUPHAR:HPRD:STRING:UNIPROTKB:SWISSPROT:TREMBL:ENSEMBL:CELLPHONEDB:BADERLAB:SINGLECELLSIGNALR:BIOMART:HOMOLOGENE:Annotation:LRBase.Tgu.eg.db:Taeniopygia guttata:Zebra finch:v007"
"LRBaseDb for Takifugu rubripes (Fugu, v007)","Correspondence table between Ligand Gene ID and Receptor ID for Takifugu rubripes (Fugu)","3.19",NA,"CSV","https://github.com/rikenbit/lrbase-workflow","24-Feb-2024","Takifugu rubripes",31033,NA,"FANTOM5,DLRP,IUPHAR,HPRD,STRING,SWISSPROT,TREMBL,ENSEMBL,CELLPHONEDB,BADERLAB,SINGLECELLSIGNALR,HOMOLOGENE","Koki Tsuyuzaki <k.t.the-answer@hotmail.co.jp>","SQLiteFile","FilePath","AHLRBaseDbs/v007/LRBase.Tru.eg.db.sqlite","LRBaseDb:LRBase:NCBI:Gene:NCBI Gene:FANTOM5:DLRP:IUPHAR:HPRD:STRING:UNIPROTKB:SWISSPROT:TREMBL:ENSEMBL:CELLPHONEDB:BADERLAB:SINGLECELLSIGNALR:BIOMART:HOMOLOGENE:Annotation:LRBase.Tru.eg.db:Takifugu rubripes:Fugu:v007"
"LRBaseDb for Ursus maritimus (Polar bear, v007)","Correspondence table between Ligand Gene ID and Receptor ID for Ursus maritimus (Polar bear)","3.19",NA,"CSV","https://github.com/rikenbit/lrbase-workflow","24-Feb-2024","Ursus maritimus",29073,NA,"FANTOM5,DLRP,IUPHAR,HPRD,STRING,SWISSPROT,TREMBL,ENSEMBL,CELLPHONEDB,BADERLAB,SINGLECELLSIGNALR,HOMOLOGENE","Koki Tsuyuzaki <k.t.the-answer@hotmail.co.jp>","SQLiteFile","FilePath","AHLRBaseDbs/v007/LRBase.Uma.eg.db.sqlite","LRBaseDb:LRBase:NCBI:Gene:NCBI Gene:FANTOM5:DLRP:IUPHAR:HPRD:STRING:UNIPROTKB:SWISSPROT:TREMBL:ENSEMBL:CELLPHONEDB:BADERLAB:SINGLECELLSIGNALR:BIOMART:HOMOLOGENE:Annotation:LRBase.Uma.eg.db:Ursus maritimus:Polar bear:v007"
"LRBaseDb for Vulpes vulpes (Red fox, v007)","Correspondence table between Ligand Gene ID and Receptor ID for Vulpes vulpes (Red fox)","3.19",NA,"CSV","https://github.com/rikenbit/lrbase-workflow","24-Feb-2024","Vulpes vulpes",9627,NA,"FANTOM5,DLRP,IUPHAR,HPRD,STRING,SWISSPROT,TREMBL,ENSEMBL,CELLPHONEDB,BADERLAB,SINGLECELLSIGNALR,HOMOLOGENE","Koki Tsuyuzaki <k.t.the-answer@hotmail.co.jp>","SQLiteFile","FilePath","AHLRBaseDbs/v007/LRBase.Vvu.eg.db.sqlite","LRBaseDb:LRBase:NCBI:Gene:NCBI Gene:FANTOM5:DLRP:IUPHAR:HPRD:STRING:UNIPROTKB:SWISSPROT:TREMBL:ENSEMBL:CELLPHONEDB:BADERLAB:SINGLECELLSIGNALR:BIOMART:HOMOLOGENE:Annotation:LRBase.Vvu.eg.db:Vulpes vulpes:Red fox:v007"
"LRBaseDb for Xenopus tropicalis (Tropical clawed frog, v007)","Correspondence table between Ligand Gene ID and Receptor ID for Xenopus tropicalis (Tropical clawed frog)","3.19",NA,"CSV","https://github.com/rikenbit/lrbase-workflow","24-Feb-2024","Xenopus tropicalis",8364,NA,"FANTOM5,DLRP,IUPHAR,HPRD,STRING,SWISSPROT,TREMBL,ENSEMBL,CELLPHONEDB,BADERLAB,SINGLECELLSIGNALR,HOMOLOGENE","Koki Tsuyuzaki <k.t.the-answer@hotmail.co.jp>","SQLiteFile","FilePath","AHLRBaseDbs/v007/LRBase.Xtr.eg.db.sqlite","LRBaseDb:LRBase:NCBI:Gene:NCBI Gene:FANTOM5:DLRP:IUPHAR:HPRD:STRING:UNIPROTKB:SWISSPROT:TREMBL:ENSEMBL:CELLPHONEDB:BADERLAB:SINGLECELLSIGNALR:BIOMART:HOMOLOGENE:Annotation:LRBase.Xtr.eg.db:Xenopus tropicalis:Tropical clawed frog:v007"
